PlayerID,TeamID,PlayerNo,PlayerNameE,PlayerNameJ,OFFApps,DEFApps,RatingOFF,RatingDEF,HensatiOFF,HensatiDEF
51000209,706,0,Steve Zack,スティーブ・ザック,1071,1112,0.00365622133315382,0.0278864600159412,-3.35619887093564,-1.00661532559574
30351,706,2,Sota Okura,大倉 颯太,1596,1568,0.036552387745262,0.0972319548758588,0.217232486811834,7.04322834486468
30349,706,5,Hiromu Nakamura,中村 浩陸,1036,1062,0.0878120234627078,0.0877656048856896,5.78544330398512,5.9443445932286
10815,706,9,Shuto Ando,安藤 周人,2809,2844,0.0715961976468506,0.104279346916277,4.02395718623413,7.86131183138986
9031,706,10,Zack Baranski,ザック・バランスキー,2274,2293,0.0406127983102994,0.020325098894013,0.658305110796771,-1.88436196350461
26921,706,11,Sebastian Saiz,セバスチャン・サイズ,3332,3372,0.129289217509689,0.0788557230634526,10.2910110343424,4.91005742091596
9032,706,13,Shohei Kikuchi,菊地 祥平,127,141,-0.00521228655045204,0.0746323076071441,-4.31956353083849,4.41979003948957
51000509,706,17,Marcus Foster,マーカス・フォスター,3346,3421,0.123951140065598,0.123187718693398,9.71114853334967,10.0562552401324
15838,706,21,Gen Hiraiwa,平岩 玄,557,578,0.0103100971792867,0.0987488701057691,-2.63340435739689,7.21931664716587
9044,706,25,Kohei Fukuzawa,福澤 晃平,1213,1339,-0.000206188484417529,-0.00285210272191226,-3.77576315042266,-4.57484459837267
8452,706,33,Ira Brown,アイラ・ブラウン,1316,1376,-0.0417456095278606,0.0431235096877572,-8.28809044959023,0.762149438502225
30348,706,75,Taiki Osakabe,小酒部 泰暉,2834,2893,0.0957740664838419,0.12268760880749,6.65034086824912,9.99820090786846
8589,703,6,Makoto Hiejima,比江島 慎,3203,3013,0.14569823101584,0.0296414455012549,12.0734826657785,-0.802891077477812
8497,703,9,Yusuke Endo,遠藤 祐亮,2303,2403,0.0783970518811432,0.0243789126372809,4.76271760821892,-1.41378248363515
8726,703,10,Kosuke Takeuchi,竹内 公輔,1336,1445,0.0369507831570863,0.0647542378562866,0.260509221236178,3.27311255999452
10885,703,11,Blake Aoki,青木 ブレイク,84,97,-0.121680252899947,-0.162089305074945,-16.9711983113938,-23.0596010782677
5100000036,703,12,Shinji Takashima,高島 紳司,2303,2119,0.160914635472785,0.0501855220555397,13.726404047481,1.58193009872168
8499,703,13,Hironori Watanabe,渡邉 裕規,305,346,-0.0794296454486589,-0.0532051218165334,-12.3816165449683,-10.4199818039865
51000425,703,15,Yudai Ishikawa,石川 裕大,128,151,-0.0791343509187795,-0.0924645371213146,-12.3495394111277,-14.9773385066184
51000461,703,17,Kaisei Hoshikawa,星川 開聖,607,589,0.031077557521754,0.0313403649478738,-0.377485139368041,-0.605675151892256
8529,703,18,Seiji Ikaruga,鵤 誠司,1214,1249,0.096584888088052,0.023210939182344,6.7384184670102,-1.54936452458073
33085,703,25,D.J. Newbill,D.J・ニュービル,3812,3709,0.145958165913055,0.0590301536242821,12.1017187678533,2.6086428158927
8593,703,33,Gavin Edwards,ギャビン・エドワーズ,3224,3014,0.167480828389433,0.0610186627136555,14.439673775492,2.83947522020506
18430,703,34,Grant Jerrett,グラント・ジェレット,1906,1949,0.131261347083217,-0.0229196075922082,10.5052387218882,-6.90434383099632
5100000081,703,42,Isaac Fotu,アイザック・フォトゥ,3362,3130,0.135763155526265,0.0181329379823269,10.9942593346681,-2.13883491340877
5100000069,700,1,Ray Parks Jr.,レイ・パークスジュニア,3166,3177,0.100835496313104,0.0122183589200462,7.20015180488959,-2.82541789798645
15817,700,4,Yasunori Aoki,青木 保憲,2049,2108,0.0612733488418059,0.0653618439057776,2.90261097345307,3.34364538583287
26886,700,5,Matt Bonds,マット・ボンズ,3524,3614,0.065708117058408,-0.0122473086223877,3.38434916783778,-5.66546971977951
5100000030,700,8,Yoshiya Uematsu,植松 義也,1088,1207,-0.0610587729401688,-0.0167671094114544,-10.3860328934077,-6.19014244505327
51000396,700,11,Ryan Luther,ライアン・ルーサー,3204,3223,0.0794667345630238,0.0193253958639714,4.87891466262295,-2.00041064301835
9033,700,15,Joji Takeuchi,竹内 譲次,1775,1935,-0.0167306161495798,-0.0135317234848161,-5.57077194408521,-5.81456864641419
8690,700,20,Rei Goda,合田 怜,1382,1351,0.0432756023352154,0.0953033570550708,0.947559101154411,6.81935062949333
20034,700,31,Makoto Kinoshita,木下 誠,1934,2081,0.0696700361356594,-0.0325379906826409,3.81472289862901,-8.02087606422921
8568,700,35,Tatsuya Suzuki,鈴木 達也,1848,1926,0.0404651311049743,0.00655971400436475,0.642264377800441,-3.48229123993746
51000294,700,52,Volodymyr Gerun,ヴォーディミル・ゲルン,1564,1509,0.0824661445705759,0.147416590393553,5.20473335047416,12.8688190540021
5100000027,700,60,Seiga Sakamoto,坂本 聖芽,2106,2145,0.0767972332638611,-0.0049251182881573,4.588933163488,-4.81548678094579
30398,700,88,Hayato Maki,牧 隼利,1640,1697,0.0506620559700245,0.0122591705706071,1.74993177614974,-2.82068035292151
51000160,697,1,Yante Maten,ヤンテ・メイテン,2060,1957,0.0970557752113881,0.108083109400863,6.78956980152769,8.30286457280918
51000516,697,4,Darius Days,ダリアス・デイズ,1188,1148,0.0938028265995011,-0.00541155954522936,6.43620982549779,-4.87195441568115
30513,697,5,Sota Oura,大浦 颯太,3211,3093,0.106212182778459,-0.0138258747629002,7.78420831090864,-5.84871465415162
20021,697,10,Hirotaka Yoshii,吉井 裕鷹,1998,1933,0.0384962971908046,0.0126655273309447,0.428394689796269,-2.77350917905131
51000481,697,11,Hideya Asai,浅井 英矢,701,770,0.107502726188241,0.03608971874389,7.92439693444846,-0.0543551898547957
51000236,697,14,Hayato Wakugawa,湧川 颯斗,2354,2269,0.0492745836121944,0.0530867603682111,1.59921399434605,1.91871498885668
9369,697,15,Tshilidzi Kawata,河田 チリジ,1839,1783,0.0376288101608362,0.058760982832963,0.334161662260658,2.57739662181549
51000454,697,20,Dai Nemoto,根本 大,2058,2072,0.111046885654742,0.0655621968273518,8.30939044450648,3.36690298462643
30522,697,21,Yusuke Suzuki,鈴木 悠介,38,38,-0.0652353687074766,-0.0168755689320014,-10.839726436192,-6.20273276814117
5100000011,697,28,Kazuma Tsuya,津屋 一球,2881,2887,0.0864801401585441,-0.00985864654341831,5.64076402724707,-5.3881862948634
51000552,697,33,Junior Kodama,児玉 ジュニア,971,866,-0.0212839708582202,-0.0149182344083073,-6.06539190359556,-5.97551920569762
33100,1638,2,Reynaldo Garcia,レイナルド・ガルシア,1369,1303,0.12208104757916,0.0996639501172462,9.50800488891375,7.32554201989173
8496,1638,7,Kosuke Hashimoto,橋本 晃佑,177,206,-0.0297640021600353,-0.00705737606523375,-6.9865572877004,-5.06300598612649
15756,1638,13,Ryo Abe,阿部 諒,3217,3178,0.10843969902931,0.0527962016850757,8.02617803835241,1.88498602086735
8592,1638,14,Kosuke Kanamaru,金丸 晃輔,1815,1760,0.138767737112444,-0.00634613423117433,11.3206397986547,-4.98044279168054
51000353,1638,18,Sori Uchio,内尾 聡理,2178,2159,0.0173458001567874,0.0237609783148191,-1.8691328818506,-1.48551424796212
18461,1638,20,Atsuki Kishida,岸田 篤生,648,647,0.0693895383027436,0.0299886518108041,3.78425309435563,-0.762586274420095
51000440,1638,21,Toshiki Tomiyama,富山 仁貴,536,571,0.0408811958442713,-0.0129728734266285,0.687460488728113,-5.74969556976046
51000480,1638,22,Tanner Groves,タナー・グローヴス,2753,2727,0.0924437596429077,-0.005476932348564,6.28857765404264,-4.87954309679456
51000271,1638,23,David Dudzinski,デイビッド・ダジンスキー,3828,3762,0.101326257091103,0.0392421147121718,7.25346196666604,0.311584872773929
51000111,1638,25,Taiki Sumida,角田 太輝,3533,3555,0.103484439885661,0.0499702094799745,7.48790016767748,1.55693593612921
26888,1638,34,Ryota Inoue,井上 諒汰,1506,1448,0.0887058282205608,-0.00337441521292654,5.88253516293925,-4.6354762790361
9063,1638,55,Josh Harrellson,ジョシュ・ハレルソン,2003,1842,0.0508762889749426,0.0800191428431218,1.77320339169449,5.04511085688001
51000312,698,0,Zach Auguste,ザック・オーガスト,3509,3559,0.0401624145061595,0.0262734999319938,0.609381002480532,-1.19385281735635
51000101,698,4,Ryan Kriener,ライアン・クリーナー,3505,3539,0.0549908189892207,0.0477152983549346,2.22015488115445,1.2951787436249
22401,698,6,Taiki Okada,岡田 泰希,1815,1790,-0.00600578994705353,0.0548205850771775,-4.40575989440173,2.11998282734215
51000382,698,7,Ai-Che Yu,游 艾喆,3459,3479,0.0452126425174975,0.0174984227087425,1.15797511260905,-2.2124914468172
51000470,698,14,Yosei Nishida,西田 陽成,1927,1984,0.07986396765166,0.0957056676898346,4.92206513667773,6.86605211635062
5100000028,698,16,Daichi Nomoto,野本 大智,2051,2144,0.0371274988668164,0.0471933944210973,0.279705423329918,1.23459448956665
5100000040,698,17,Kohei Tsuneta,常田 耕平,2051,2103,0.0267112147915653,0.0294356868546622,-0.851790437902341,-0.826776189874258
51000292,698,20,Thomas Wimbush,トーマス・ウィンブッシュ,3178,3265,-0.0191700900403845,0.00907859357527789,-5.83576611965574,-3.18989175801687
10297,698,21,Takanori Tahara,田原 隆徳,692,713,-0.0282683312052487,-0.0609530881587836,-6.82408615280429,-11.3193901641849
8597,698,22,Sean Ichioka,市岡 ショーン,1133,1192,-0.0179129349434819,0.0753033300516656,-5.69920438815958,4.49768444039737
51000343,698,25,Shintaro Ehara,江原 信太朗,1253,1324,-0.0147269248384855,-0.0539331809361929,-5.35311578097451,-10.5044972019652
51000452,698,34,Higen Hasegawa,長谷川 比源,1114,1120,0.0225225250787447,-0.0141175910292746,-1.30679771687082,-5.88257799805288
51000512,745,1,Jarell Martin,ジャレル・マーティン,2282,2419,-0.0211666168968772,0.0276639953127766,-6.05264402531195,-1.03243972970863
51000285,745,4,Kaito Shike,四家 魁人,593,624,0.00387287266974248,-0.0304107770370894,-3.3326645578438,-7.77394239773868
51000280,745,5,Anthony Clemmons,アンソニー・クレモンズ,3329,3595,-0.0276984617939025,0.0472294492701871,-6.76218261064637,1.23877985011994
9456,745,6,Hamiltongary Kotera,小寺 ハミルトンゲイリー,1979,2070,-0.012462781290409,0.0811390995024733,-5.10716731841566,5.17511895681039
20023,745,7,Shun Matsuyama,松山 駿,2469,2682,0.00185524791099354,-0.00136143895365319,-3.55183427782757,-4.40180364850354
30463,745,8,Joseph Diawara,ジャワラ ジョゼフ,815,880,0.00137806046985307,0.044373042172891,-3.60367000069974,0.907199108806087
5100000006,745,12,Yuichi Ikeda,池田 祐一,2418,2518,-0.0317080050897766,0.0586413745502115,-7.19772964564827,2.56351211526194
30401,745,14,Takeru Oba,大庭 岳輝,1542,1726,-0.00792715993314435,0.0786379770272629,-4.61447369017109,4.88478077454218
8489,745,18,Yuya Kamata,鎌田 裕也,1487,1660,-0.0879077664149038,-0.0327409379447821,-13.3025744139194,-8.04443482225501
51000345,745,28,Kai Sugawara,菅原 佳依,1473,1626,-0.0799251464011209,0.023219198495954,-12.4354416204844,-1.54840575741756
8657,745,31,Shuhei Kitagawa,喜多川 修平,1151,1231,-0.012680010645576,0.0144574569503681,-5.13076442027405,-2.56549633937132
51000511,745,45,Sekou Doumbouya,セクー・ドゥムブヤ,1916,2043,-0.0230968807221812,0.0721141540596224,-6.26232393742256,4.1274748366532
5100000048,720,1,Coty Clarke,コティ・クラーク,2346,2503,0.116223617389236,0.0246441633540516,8.87172634951577,-1.38299134417043
5100000088,720,4,Nick Kay,ニック・ケイ,3804,3905,0.125171318613209,0.0815326169374782,9.84369359131969,5.22079970131715
8532,720,6,Hiromu Kitagawa,北川 弘,616,623,0.182051734625157,-0.0181245246305089,16.022476239501,-6.347715483235
51000458,720,7,Anthony Sho Sukegawa,介川 アンソニー翔,1372,1506,0.112974575743317,0.0834750532618393,8.51879077779269,5.44628383381223
10821,720,11,Taichi Nakamura,中村 太地,2781,2814,0.0669191801807869,0.0664275435410863,3.51590403911079,3.46735515935501
32992,720,14,James Michael McAdoo,ジェームズ・マイケル・マカドゥ,2804,2808,0.0451908127800952,0.0871031461330806,1.1556038007915,5.86744429267695
8734,720,15,Ryosuke Shirahama,白濱 僚祐,1056,1081,0.0774645546428147,0.135858223577088,4.66142267826533,11.5270873936206
51000132,720,17,Seishin Yokochi,横地 聖真,341,371,0.108172727861766,0.144369721930055,7.99717760317205,12.5151289568277
30399,720,21,Yuto Nohmi,納見 悠仁,2790,2886,0.0461717701492917,0.0944631867529234,1.26216283809045,6.72182101199602
51000113,720,22,Fumiya Iio,飯尾 文哉,2406,2532,0.0757109378300701,0.0401905490982361,4.4709315058402,0.421682126458961
18475,720,77,Yuta Okada,岡田 侑大,3100,3130,0.14334590314945,0.0461906727176039,11.8179549530306,1.11819539292159
15750,2486,0,Takaaki Kida,木田 貴明,1286,1338,0.0601918717095208,-0.0534273718867598,2.78513271629749,-10.4457812928313
51000359,2486,3,Kotetsu Kurokawa,黒川 虎徹,2691,2725,0.0673398941525659,-0.0248382272166813,3.56160518496966,-7.12706324588096
30402,2486,5,Reo Maeda,前田 怜緒,2535,2588,0.0438196135613735,0.0199123639520665,1.00665373091055,-1.93227353680461
51000321,2486,7,Dererk Pardon,デレク・パードン,4092,4059,0.0443530485397051,-0.00396580368112191,1.06459948832828,-4.70412651690811
8520,2486,11,Kei Sugimoto,杉本 慶,3143,3154,0.0732912816526321,0.0219871195869801,4.20809008076029,-1.69142936157449
18429,2486,16,Yuta Osaki,大崎 裕太,1316,1277,0.0329712172473763,-0.00865959047172815,-0.171781442479173,-5.24899608577021
51000189,2486,21,Brandon Ashley,ブランドン・アシュリー,1470,1373,0.0572551064710623,0.101718989555951,2.46611897889168,7.56409747690623
51000192,2486,22,Trey Porter,トレイ・ポーター,2785,2896,0.0952094026056173,-0.0154470984730822,6.58900279062155,-6.03691141369847
8449,2486,24,Yuto Otsuka,大塚 裕土,833,863,-0.00291997466066589,0.0680593117344927,-4.07055520913678,3.65677595575839
8498,2486,27,Naoya Kumagae,熊谷 尚也,1257,1280,0.0427116438957627,0.0102657409068669,0.886297653642253,-3.05208395301958
9418,2486,33,Luke Evans,エヴァンス ルーク,2660,2613,0.0112105702303089,0.0833332239379774,-2.53558813781012,5.4298198387498
51000352,2486,42,Leon Watanabe,渡邉 伶音,1050,1080,0.0862800947169964,-0.0398453486398917,5.61903357255379,-8.86913721398076
10893,2488,1,Kenji leon Matsumoto,松本 健児リオン,764,817,0.177945007283634,-0.0190319898498761,15.5763723355969,-6.45305690688541
8590,2488,4,Masaya Karimata,狩俣 昌也,1015,1025,0.0821569369662004,0.0844084224211042,5.1711448728477,5.55463226847391
51000379,2488,5,Hyunjung Lee,イ ヒョンジュン,3587,3604,0.260695841638385,0.14535660428865,24.5653962436896,12.6296893723799
33026,2488,6,Yuji Morita,森田 雄次,343,365,-0.0116415704503546,-0.108420859801105,-5.01796116197755,-16.8295987491504
51000304,2488,7,Jarrell Brantley,ジャレル・ブラントリー,3703,3738,0.215609448021256,0.151438410117077,19.6677698534032,13.3356845671914
19957,2488,11,Ko Kumagai,熊谷 航,2961,3003,0.224402334443832,0.156066663091432,20.6229199360578,13.8729467640532
5100000021,2488,13,Kenshin Hoshikawa,星川 堅信,476,498,-0.00873349292684278,-0.0359031241550822,-4.7020637019789,-8.41151136704315
51000529,2488,14,Stanley Johnson,スタンリー・ジョンソン,3638,3675,0.226055916139051,0.120211536971938,20.802544534507,9.71077068282941
30437,2488,17,Hayato Yamaguchi,山口 颯斗,2772,2848,0.162931141685383,0.0995872499332634,13.9454522624893,7.31663842072059
12577,2488,18,Yudai Baba,馬場 雄大,3644,3669,0.206407219111354,0.159284798603982,18.6681538818683,14.2465180802391
8677,2488,21,Shota Kanno,菅野 翔太,79,102,-0.189879230486594,-0.0282282052675849,-24.3794890532822,-7.52058258569086
51000395,2488,25,Akil Mitchell,アキル・ミッチェル,2306,2276,0.155312960714234,0.154338354037155,13.1179076048456,13.6723192001534
8608,728,1,Thomas Kennedy,トーマス・ケネディ,1954,2016,0.179886287826384,0.120902620645338,15.7872489672003,9.79099385443294
42537,728,5,Sei Motozawa,元澤 誠,24,28,-0.0978251730066131,0.0226888739883845,-14.3798784151935,-1.60996749822238
18399,728,7,Satoshi Nagano,長野 誠史,2593,2581,0.185912609059006,0.12018974332295,16.4418737339507,9.70824080734556
51000389,728,9,Toshiya Taira,平 寿哉,75,75,0.00422145245065174,-0.0305100410499215,-3.29479917547149,-7.78546527730014
51000313,728,10,Jake Layman,ジェイク・レイマン,3190,3193,0.182170761501103,0.0637398885415339,16.0354058424702,3.15536369357584
30469,728,11,Yoshiaki Kubota,久保田 義章,1785,1810,0.172595458838061,0.0593960994402588,14.9952637673303,2.65112295993699
8494,728,13,Yutaro Suda,須田 侑太郎,1702,1689,0.241608570943772,0.066528173051135,22.4919919819444,3.47903655013842
51000362,728,16,Koyo Nishida,西田 公陽,298,347,0.0881207628606596,0.0351593699433962,5.81898092147502,-0.162353011747968
32982,728,18,Ryogo Sumino,角野 亮伍,1590,1627,0.0286130766971809,0.0953358605129083,-0.645195757948064,6.8231237333535
30403,728,19,Yudai Nishida,西田 優大,2783,2787,0.222329446404657,0.0778064947702113,20.3977470989712,4.78825969271058
8583,728,27,Kosuke Ishii,石井 講祐,753,769,0.0832724226868267,0.0619440189927976,5.29231740107695,2.94689349447969
51000297,728,30,Aaron White,アーロン・ホワイト,2614,2729,0.0676933324310422,0.0895256396755197,3.59999833423555,6.14865498053385
9040,728,54,Davante Gardner,ダバンテ・ガードナー,3690,3671,0.227815117826987,0.119412553378515,20.9936423784782,9.61802214833119
8482,713,0,Yuma Fujii,藤井 祐眞,2871,2820,0.106187049803964,0.0970021908429134,7.78147817639848,7.01655661153808
22497,713,1,Koh Flippin,コー・フリッピン,908,883,0.117059048655992,0.0521419008907497,8.9624772366699,1.80903272183296
18441,713,4,Trey Jones,トレイ・ジョーンズ,2006,1961,0.146184345197549,0.106626374686449,12.1262880789869,8.13376221447931
5100000023,713,6,Takuto Nakamura,中村 拓人,2433,2476,0.116891760689076,0.127003356604939,8.94430514758013,10.4991865185527
51000145,713,8,Kerry BlackshearJr,ケリー・ブラックシアー・ジュニア,3154,2981,0.178035539207749,0.1360655436343,15.5862066005523,11.5511537594844
8487,713,9,Naoto Tsuji,辻 直人,2436,2385,0.155146514841447,0.0771961098757573,13.0998269904137,4.71740428978799
30466,713,14,Makoto Sato,佐藤 誠人,86,81,-0.0370799201935736,-0.065569847345631,-7.7812678501486,-11.855318125956
51000301,713,15,A.J. Edu,エージェー・エドゥ,2592,2497,0.129263011777638,0.137765670537109,10.2881643687617,11.7485098503913
51000232,713,16,Kenny Asano,淺野 ケニー,1028,1066,0.115582626635219,0.0118881693574179,8.80209706713261,-2.86374734341249
30519,713,29,Kazuki Hosokawa,細川 一輝,2835,2761,0.128936646802039,0.0584536485061538,10.2527121272067,2.54172028421955
51000397,713,32,Johannes Thiemann,ヨハネス・ティーマン,1427,1366,0.122799326056173,0.0585990282304671,9.58602975057084,2.55859642095981
8470,713,55,Daichi Taniguchi,谷口 大智,556,577,0.0381589670996654,0.0538356276260262,0.391751334139338,2.00564586111471
8585,699,0,Ryumo Ono,小野 龍猛,301,288,-0.119774641113445,-0.0626104406013099,-16.7641962909069,-11.5117808608861
10832,699,3,Leon Shibuta,澁田 怜音,1846,1832,-0.0494253271403335,-0.0479387535733253,-9.12231968442761,-9.80864517491582
51000525,699,9,Jamie Malonzo,ジェイミー・マロンゾ,87,94,-0.13415678694669,-0.041192659766489,-18.3264941668473,-9.02553733725466
26922,699,10,Charles Jackson,チャールズ・ジャクソン,2563,2477,-0.0226678838210884,0.0732236588552492,-6.21572303689401,4.2562696512906
5100000033,699,12,Asato Ogawa,小川 麻斗,2747,2707,-0.0530112550345544,0.0542204559815405,-9.51185039822878,2.05031794987995
20024,699,13,Satoru Maeta,前田 悟,2993,2960,-0.0177300173521207,0.0787657172721848,-5.67933449059566,4.89960926490229
8727,699,15,Hayato Kawashima,川嶋 勇人,1976,1944,-0.0648405602371133,0.0131962097109234,-10.7968393425828,-2.71190589528896
9329,699,16,Ryunosuke Watanabe,渡辺 竜之佑,1527,1429,-0.00111569880106794,0.0260663938383681,-3.87456106641682,-1.21789434565252
51000269,699,32,Angelo Caloiaro,アンジェロ・カロイアロ,1892,1865,0.0482540138630594,0.00543546987135149,1.48835195958369,-3.61279704332773
26874,699,35,Jordan Heath,ジョーダン・ヒース,3108,3045,-0.0611568523662957,0.0357870244208451,-10.3966870253354,-0.0894929011851414
26926,699,39,Mone Alex Hall,ホール 百音 アレックス,1646,1615,-0.0701607098243364,-0.0185518065170019,-11.3747543836465,-6.39731571172045
8500,699,51,Takatoshi Furukawa,古川 孝敏,2098,2128,-0.0323787037647198,0.00144294206934927,-7.2705860279579,-4.07626225791749
8736,696,2,Yoshiaki Fujinaga,藤永 佳昭,1178,1233,0.0401809299646902,-0.00984624697825201,0.611392292163585,-5.3867469142465
15752,696,3,Yuzo Okada,岡田 雄三,3443,3446,0.0355145709973895,0.015972235062708,0.104496952099862,-2.38965612041545
9345,696,6,Nyika Williams,ウィリアムス ニカ,3079,3040,0.0767278747353765,0.0415987511227971,4.58139891352376,0.585150657140604
51000118,696,7,Kazuki Miyamoto,宮本 一樹,2130,2173,0.0257605212332424,-0.0362847973177166,-0.955061990288128,-8.45581719107143
51000524,696,8,Trey Kell,トレイ・ケル,3231,3106,0.0777614026553569,0.0202650549292555,4.69366856318744,-1.89133205623563
8501,696,9,Takeshi Mito,水戸 健史,811,853,-0.0252913101550502,0.0532337705976469,-6.50069952348757,1.93578039977209
8503,696,11,Naoki Uto,宇都 直輝,2979,2969,0.0168533076248379,-0.015548534694956,-1.92263115988937,-6.04868645013387
51000158,696,12,Brock Motum,ブロック・モータム,3691,3793,0.0777840896597979,-0.0216906579065154,4.69613299785947,-6.76168347694344
51000104,696,13,Matthew Aquino,マシュー・アキノ,1252,1346,-0.0173756381035069,-0.0414257988740855,-5.64083912600919,-9.05260085988743
51000435,696,17,Haruaki Tanaka,田中 晴瑛,1757,1801,0.022960366774921,0.015077252663502,-1.25923602754674,-2.49354849894666
51000155,696,21,Hayato Kamata,鎌田 隼,173,193,-0.122346971406798,-0.0354439510548353,-17.0436223376261,-8.35820910592099
51000390,696,24,Yannis Morin,ヤニス・モラン,3084,3129,-0.0176001820000647,0.0693395948348197,-5.66523078888865,3.80539525442203
51000536,717,0,Jamorko Pickett,ジャモルコ・ピケット,3115,3154,-0.00955696270973838,0.0122613452479112,-4.7915152419393,-2.8204279095239
9489,717,3,Narito Namizato,並里 成,2571,2583,0.100141261732419,0.087762965559721,7.12473877380346,5.94403821194911
51000502,717,6,Tyrell Taku Sudo,須藤 タイレル拓,1827,1831,0.00644536405292508,0.114861494758066,-3.05322101232428,9.08972091544321
49518,717,7,Haruki Ito,伊藤 治輝,209,194,0.0415271355918563,-0.163612898776372,0.757627368367505,-23.2364646385978
51000124,717,9,Riku Utsunomiya,宇都宮 陸,38,43,-0.0139480644181969,-0.0453078834676653,-5.26851004867425,-9.50324547864669
30512,717,10,Tensho Sugimoto,杉本 天昇,2147,2081,0.0704479212271607,0.01609586514692,3.89922268331127,-2.37530475046873
51000443,717,12,Katsuki Hiramatsu,平松 克樹,1398,1452,-0.0282837078675121,0.070905738199296,-6.82575648260568,3.9871981137863
51000380,717,17,Soichiro Kanda,神田 壮一郎,197,237,-0.0231213884921775,0.00893503756835569,-6.26498615747326,-3.20655619189269
51000500,717,20,Francis Lopez,フランシス・ロペス,2269,2366,0.0248281900076296,0.0629733067054312,-1.0563388866801,3.06637645722103
5100000056,717,22,Jeremy Jones,ジェレミー・ジョーンズ,2619,2652,0.0591457676988615,0.126881478164294,2.6714969561811,10.4850384849137
10878,717,23,Ryuto Yasuoka,保岡 龍斗,3747,3773,0.0865979081432165,0.113671733467482,5.65355687988816,8.95160967384479
26912,717,54,Sean O'mara,ショーン・オマラ,3949,3992,0.0902113411912965,0.102797651147189,6.04607541233264,7.68931191513812
51000428,704,1,Yuta Watanabe,渡邊 雄太,3328,3315,0.160926645872599,0.143322669168812,13.727708708297,12.3935837712355
9055,704,2,Yuki Togashi,富樫 勇樹,3346,3354,0.171565835038977,0.141513553757238,14.8834182129203,12.1835759506206
8656,704,4,Naoki Tashiro,田代 直希,1667,1579,0.113043518773618,0.14652901118462,8.52627989318964,12.765786061138
51000467,704,5,Riku Segawa,瀬川 琉久,1559,1527,-0.018901619968822,0.107520778773014,-5.80660286214059,8.23758746065591
51000429,704,7,Michael Ou,マイケル・オウ,808,829,0.0211514906851857,0.0570824914499115,-1.45572988219117,2.38255205025286
51000517,704,8,Nassir Little,ナシール・リトル,2810,2803,0.0744089896964615,0.138480507847689,4.32950401460872,11.8314904190872
51000430,704,10,D.J. Hogg,ディー・ジェイ・ホグ,3193,3225,0.131971097041896,0.149947270962494,10.5823371511316,13.162588432979
8580,704,11,Fumio Nishimura,西村 文男,241,274,-0.021512506320554,-0.0158347953432555,-6.09021716065532,-6.08191648868894
51000267,704,12,Ren Kanechika,金近 廉,1692,1737,0.065755689683726,0.123471679413536,3.38951686759197,10.0892182957755
8582,704,25,Gaku Arao,荒尾 岳,234,279,-0.0767853483784891,0.066205100010149,-12.094372920548,3.44153321298103
8584,704,31,Shuta Hara,原 修太,2618,2718,0.104761859243136,0.131085324364656,7.62666315701206,10.9730342054133
5100000054,704,33,John Mooney,ジョン・ムーニー,2033,2002,0.204196134249088,0.19005020310914,18.4279690566068,17.8178632299893
14301,729,2,Takumi Saito,齋藤 拓実,3315,3180,0.109937707440129,0.185301925539575,8.18890308546973,17.2666681997115
51000119,729,3,Taketo Kato,加藤 嵩都,1883,1725,-0.00866149704737852,0.226739339745415,-4.69424296292733,22.0768538814049
51000498,729,4,Hiyuu Ozawa,小澤 飛悠,1182,1066,0.0251758666504744,0.222429625532273,-1.01857161002135,21.5765686682092
32995,729,5,Isaiah Murphy,アイザイア・マーフィー,2323,2241,-0.00205314504860783,0.223174095607124,-3.97639359532599,21.6629891016058
51000222,729,7,Yuto Imanishi,今西 優斗,105,105,-0.108888877954357,0.25182603875039,-15.581702047098,24.9889969933098
8738,729,8,Tenketsu Harimoto,張本 天傑,962,993,-0.00479953098967683,0.26746028231912,-4.27472688800658,26.8038692772038
51000268,729,11,Aaron Henry,アーロン・ヘンリー,4078,3900,0.0820178637494989,0.215367484383414,5.15603768414497,20.7567730586764
51000264,729,15,Alan Williams,アラン・ウィリアムズ,2517,2306,0.0281191283639469,0.185953086054306,-0.69885217617544,17.34225696519
51000305,729,17,Eita Wakano,若野 瑛太,0,0,NaN,NaN,NaN,NaN
22486,729,21,Makoto Kamata,鎌田 真,69,56,-0.0976770594899318,0.413076763377536,-14.3637892004691,43.7074894868614
51000499,729,23,Jake koki Holtz,ジェイク幸輝・ホルツ,168,168,-0.131438323189786,0.114757176800516,-18.031193993808,9.07761135804528
55000968,729,27,Yuito Haruta,春田 結斗,0,0,NaN,NaN,NaN,NaN
14302,729,30,Keita Imamura,今村 佳太,3401,3269,0.0901225329427668,0.219237521479517,6.03642838610632,21.2060191659462
9435,729,34,Kyle Richardson,カイル・リチャードソン,2763,2654,0.0705844728172593,0.176354641885805,3.9140559537871,16.2280393048769
5100000046,729,43,Scott Eatherton,スコット・エサトン,3513,3260,0.0703827699706101,0.22726137366977,3.89214545916795,22.1374532251723
10850,702,1,Kohei Sekino,関野 剛平,1755,1819,0.0727466281078796,-0.0219016732484243,4.14892567748166,-6.78617880310509
51000102,702,2,Dwight Ramos,ドワイト・ラモス,3382,3226,0.240745547090827,0.00924395733272577,22.3982437785834,-3.17069581170623
20017,702,5,Kevin Jones,ケビン・ジョーンズ,3083,3113,0.207996582638586,-0.0113647434348584,18.8408026153384,-5.56301877032773
51000350,702,6,Hiroto Kikuchi,菊地 広人,1403,1330,0.0998013456067426,-0.0202290437168049,7.08781450344079,-6.59201469373749
51000349,702,8,Yu Kibayashi,木林 優,651,675,0.144143568550358,-0.125261027226839,11.9046034251013,-18.7844584763091
51000446,702,12,Shuto Ichiba,市場 脩斗,2099,2000,0.178527927119737,-0.0649337220284097,15.6396935139764,-11.7814746936062
51000108,702,14,Kyosuke Hoshino,星野 京介,851,844,0.0605294729946316,-0.0847210864176613,2.82180553110265,-14.0784543359849
51000234,702,15,Ren Shimatani,島谷 怜,2402,2430,0.216478584300794,0.0683085485761879,19.7621820349489,3.68570815411703
51000202,702,18,Teruchika Naito,内藤 耀悠,271,274,0.10703929295316,-0.0141785987327959,7.87405529786637,-5.88965996461801
51000296,702,21,John Harrar,ジョン・ハーラー,2660,2479,0.121031300851164,0.0212001662709877,9.39397342918321,-1.78278138354053
51000514,702,22,Jahlil Okafor,ジャリル・オカフォー,3690,3682,0.199997166913898,0.00933029364614644,17.9718453442645,-3.1606736202499
19755,702,30,Keisei Tominaga,富永 啓生,3451,3427,0.219358455167885,0.00311069252506593,20.0750154737698,-3.88266452706305
19998,702,34,Kaito Morizane,盛實 海翔,377,409,-0.00088454261292099,-0.0342902814619619,-3.84945112622155,-8.22428750237984
51000133,692,3,Kazuma Okajima,岡島 和真,1912,1882,-0.0262265786249276,-0.0278394872678311,-6.6022954856524,-7.47545897475935
8737,692,7,Seiya Funyu,船生 誠也,2234,2339,0.169381912747135,0.0695402772500315,14.6461839922884,3.82869110187584
51000531,692,8,Jarrett Culver,ジャレット・カルバー,3960,3994,0.112085048806656,0.0634175894589324,8.42216360825552,3.1179501999478
51000530,692,9,Sergio El Darwich,セルジオ・エル ダーウィッチ,2990,3028,0.145914021771749,0.0664374462299427,12.096923496063,3.4685046946979
5100000012,692,11,Hirohide Araya,荒谷 裕秀,1848,1734,0.0104889863081308,0.0913040735941776,-2.61397206201743,6.35510119672079
30526,692,15,Shota Watanabe,渡辺 翔太,2693,2762,0.133669329309215,0.0917395932345034,10.766812033729,6.4056576896425
51000532,692,21,Boubacar Toure,ブーバカー・トゥーレ,2686,2716,0.0431683922614685,0.041429082826509,0.935913128958311,0.565455026390377
15834,692,23,Ryota Hanzawa,半澤 凌太,791,756,-0.0748058188302212,-0.00465433866638489,-11.8793413915622,-4.78405382875737
51000445,692,24,Kosei Niinuma,新沼 康生,136,128,-0.105436804274933,-0.0848221301340023,-15.2067115943878,-14.0901838091406
51000144,692,45,Nathan Boothe,ネイサン・ブース,3279,3213,0.0684338174706491,0.0491712781773016,3.68043544132351,1.46419347170602
15815,692,75,Soichiro Inoue,井上 宗一郎,950,939,-0.0309965950712264,-0.0445480737770349,-7.12045088809775,-9.415044374289
51000342,692,96,Masato Abe,阿部 真冴橙,24,23,-0.17196961076818,-0.0657448125093477,-22.4340101818124,-11.8756286337769
51000277,712,0,Robert Franks,ロバート・フランクス,3508,3631,0.0582820776727052,0.0544632738071817,2.57767638802807,2.07850500861766
8456,712,1,Genki Kojima,小島 元基,966,1008,-0.00549027264080963,0.00174130408532871,-4.34976049056495,-4.04162745444987
15829,712,3,Noboru Hasegawa,長谷川 暢,2558,2563,0.0745987758531896,0.0599204386482034,4.35012002789193,2.71198990829136
5100000032,712,7,Hayate Komasawa,駒沢 颯,2154,2268,-0.0119874290720261,0.0574640391976662,-5.05553095137323,2.4268433157265
51000489,712,8,Tyler Cook,タイラー・クック,1915,1982,-0.0498199231469492,-0.0116776348307498,-9.16518369861145,-5.59934019002264
33036,712,9,Jae-Min Yang,ヤン ジェミン,1259,1309,-0.0206678406098179,0.0030699933706879,-5.99846315808413,-3.8873890132164
51000479,712,10,Ru Jingaoka,陳岡 流羽,2371,2407,0.0701627471817549,0.0578611007782832,3.86824491333338,2.47293547582961
18845,712,13,Kohei Nakamura,中村 功平,2307,2318,0.077258441220935,0.0335749061855385,4.63903307347764,-0.346282560135073
18478,712,14,Kotaro Hisaoka,久岡 幸太郎,1247,1297,-0.0412563060414083,0.0588226349549108,-8.23493858988599,2.58455339450325
12634,712,21,Eric Jacobsen,エリック・ジェイコブセン,3571,3611,0.0198158085265024,0.0973247921919471,-1.60082181934971,7.05400519320654
8561,712,25,Atsunobu Hirao,平尾 充庸,78,89,-0.0739956650611762,-0.11644612838658,-11.7913363381273,-17.7611972279994
22405,712,29,Keita Tsurumaki,鶴巻 啓太,2037,2140,-0.0187673488709973,0.0856644433733666,-5.79201731605004,5.70043514049839
51000497,726,0,Didi Louzada,ディディ・ロウザダ,1041,1012,0.143036104826548,0.0305522439953358,11.7843023070728,-0.697162716789739
51000496,726,1,Donte Grantham,ドンテ・グランタム,3410,3313,0.0667511987712712,0.0315249939740106,3.49765662302096,-0.584242832454156
5100000034,726,3,John Lawrence Harper Jr.,ジャン・ローレンス・ハーパージュニア,2630,2465,0.060593509537328,0.0815028515176143,2.82876166656373,5.21734443753723
51000180,726,4,Troy Murphy Jr.,トロイ・マーフィージュニア,1511,1452,-0.0157813795263834,0.0195575205604644,-5.46765865505455,-1.97346487642462
12598,726,8,Josh Hawkinson,ジョシュ・ホーキンソン,3730,3615,0.0634793000592746,0.0407086842630563,3.14223814323972,0.481828889927823
8447,726,9,Leo Vendrame,ベンドラメ 礼生,2764,2656,0.008208627932525,0.0476951059894583,-2.86168190225257,1.29283475017949
15853,726,12,Reiya Nozaki,野﨑 零也,1470,1425,-0.0507496206671441,-0.048482280086352,-9.26617450192468,-9.87173944613638
9037,726,13,Daiki Tanaka,田中 大貴,3215,3119,0.0660242456701348,0.0316996270239236,3.41868945783005,-0.563970877450657
42616,726,14,Toyoshige Kano,狩野 富成,598,575,-0.0536928543312083,-0.0229174179515262,-9.58589088883091,-6.90408965060263
8658,726,32,Morihisa Yamauchi,山内 盛久,633,578,0.139549305843505,-0.0287919699041604,11.4055397282338,-7.58602616209816
51000171,726,40,Thomas Welsh,トーマス・ウェルシュ,2224,2022,0.0173490215093822,0.0428355692863658,-1.86878295407383,0.728724408912457
8493,726,43,Yuya Nagayoshi,永吉 佑也,212,218,-0.029239936201122,-0.0246738860529265,-6.92962926430557,-7.10798600547017
55000162,726,77,Kouei Omori,大森 康瑛,146,130,-0.151740745552823,-0.0154145092549741,-20.2365972557397,-6.03312835451571
30397,693,2,Tsubasa Kurihara,栗原 翼,1209,1229,-0.0924456477879635,0.0229940141558516,-13.7955135422386,-1.57454586556045
8468,693,5,Shigehiro Taguchi,田口 成浩,568,551,-0.045662682024372,-0.0288866324836532,-8.71359260428665,-7.59701489277055
30465,693,6,Raita Akaho,赤穂 雷太,1338,1337,-0.0645904890342848,-0.0444253029704872,-10.7696747098818,-9.40079275200262
51000521,693,10,Yanni Wetzell,ヤニー・ウェッツェル,3308,3298,-0.0533875234473205,0.0192170001109863,-9.55272353001758,-2.01299356376662
51000361,693,12,Taiyo Motoda,元田 大陽,2534,2527,-0.0587802338903732,-0.0453849666948421,-10.1385206821551,-9.51219354267942
32953,693,14,Teru Sugawara,菅原 暉,1602,1608,-0.0322947337366555,-0.0154301145859085,-7.26146456597243,-6.03493987052986
51000335,693,15,Tanner Leissner,タナー・ライスナー,785,798,-0.0661406166995078,-0.0714041993000381,-10.9380613461246,-12.5325880949179
10848,693,17,Takuya Nakayama,中山 拓哉,3494,3578,-0.068157930190919,-0.012455547307351,-11.1571972538869,-5.68964272284889
51000522,693,22,Ali Mezher,アリ・メザー,1650,1664,-0.0688130232262736,-0.0255774562956014,-11.2283584331396,-7.21287528794636
12605,693,24,Kanji Takahira,髙比良 寛治,1782,1901,-0.0878898047720266,0.0210727272531674,-13.3006232838974,-1.79757490650901
51000523,693,25,Keanu Pinder,キアヌ・ピンダー,2922,2900,-0.0768541263660602,-0.0177922110824666,-12.1018441077505,-6.30913947888575
10258,693,77,Alistair Tokio Tsuchiya,土屋 アリスター時生,1381,1511,-0.107454600146354,-0.0140603150625467,-15.4258999019291,-5.87592922325986
51000513,727,1,Omar Jamaleddine,オマール・ジャマレディン,1289,1361,-0.0311856184633733,0.0273167698378409,-7.14098404410091,-1.07274675754482
51000491,727,2,Roy Hideki Igwe,伊久江 ロイ英輝,278,313,0.0604798607345474,0.0208584061393633,2.81641627073435,-1.82245397709444
10852,727,3,Kanta Mizuno,水野 幹太,1145,1284,0.0201029154829451,0.032620751949956,-1.56963408189949,-0.457043791985284
51000510,727,5,Emanuel Terry,エマニュエル・テリー,3000,3174,-0.0184007886603247,-0.00348520969942917,-5.75219876288155,-4.64833765233362
8484,727,7,Ryusei Shinoyama,篠山 竜青,2474,2587,0.0473234728978867,0.0263037668330161,1.38726953487317,-1.19033934006253
8654,727,13,Shota Tsuyama,津山 尚大,2895,3030,0.0362518611132072,-0.00354637357565708,0.184587002308579,-4.65543774791891
51000494,727,14,Dušan Ristić,ドゥシャン・リスティッチ,2950,3102,0.0315018830974816,0.0138103508693266,-0.33139167366739,-2.64061445340469
15826,727,17,Ryo Iida,飯田 遼,2054,2179,-0.0246651854253863,0.0058528080655816,-6.43268510153904,-3.56435110998987
18433,727,25,Rosco Allen,ロスコ・アレン,2980,3052,0.0360560025102316,0.0161553576375923,0.163311353809313,-2.36839867458816
8492,727,33,Takumi Hasegawa,長谷川 技,1194,1245,0.0571674272322134,-0.00630489605149211,2.45659459426883,-4.97565573377048
51000441,727,45,Jaheru Ryuto Yamauchi,山内 ジャヘル琉人,1295,1321,-0.0421547207636967,-0.00958212469095705,-8.33253121817795,-5.35608676643295
10849,721,3,Tatsuya Ito,伊藤 達哉,1480,1367,0.145486231406446,0.106109234389706,12.0504536586125,8.07373093843343
33040,721,4,Kaine Roberts,ロバーツ ケイン,1114,1073,0.0176170913652367,0.0152102534229891,-1.83966317102748,-2.47810935147089
51000550,721,5,Ryugo Matsumura,松村 竜吾,19,15,-0.181232911559082,-0.141848041386568,-23.4402602447459,-20.7099313742277
5100000055,721,8,Christopher Smith,クリストファー・スミス,3469,3459,0.131893714489786,0.0291245774092617,10.5739312707993,-0.862890755138193
5100000039,721,10,Toshiki Kamisawa,上澤 俊喜,1190,1254,0.125135304283521,-0.0449249102545494,9.83978144139249,-9.45878874065983
33097,721,13,Dwayne Evans II,ドウェイン・エバンス,3642,3473,0.0986412641218276,0.087035252211656,6.96179764470397,5.85956295222728
51000216,721,23,Kofi Cockburn,コフィ・コーバーン,3281,2974,0.140563143391006,0.0808296664560074,11.5156704601408,5.13919899322002
26890,721,24,Nick Mayo,メイヨ ニック,3016,2884,0.121966988341448,0.0721059250394153,9.49561490852596,4.12651958604374
8504,721,30,Ryo Yamazaki,山崎 稜,1955,1946,0.133760297958299,0.0446724710323713,10.7766937390662,0.941957754830753
8483,721,32,Kevin Hareyama,晴山 ケビン,1280,1198,0.10730431252176,-0.0334435351101349,7.90284373555205,-8.12599451630326
30396,721,34,Keijiro Mitani,三谷 桂司朗,2825,2670,0.166766791550195,0.120119037783957,14.3621096727344,9.70003308546438
51000447,721,88,Ryosei Sato,佐藤 涼成,1404,1357,0.163542738991488,0.14161035581891,14.0118886053923,12.1948130391296
51000252,701,2,Koya Kobari,小針 幸也,395,390,0.0241424975767503,0.0694459158441407,-1.13082400459864,3.81773733238469
51000166,701,4,Vic Law,ヴィック・ロー,3140,2848,0.11610594814276,0.178046678051198,8.85894422256718,16.4244561974766
5100000014,701,8,Ryo Sadohara,佐土原 遼,2472,2318,0.0575111767584094,0.114334059922389,2.49393527770079,9.02849461686201
30458,701,10,Hayate Arakawa,荒川 颯,1282,1204,0.028979725187125,0.0445885623398199,-0.60536761521485,0.932217369258535
51000163,701,12,Keve Aluma,ケヴェ・アルマ,431,372,0.043908982318583,0.0306337063052068,1.01636164384529,-0.68770631503184
8655,701,14,Ryuichi Kishimoto,岸本 隆一,3113,2760,0.1085999922898,0.174665311039567,8.0435903093233,16.0319364542536
30434,701,15,Yoshiyuki Matsuwaki,松脇 圭志,2497,2296,0.112601969370063,0.202296022834084,8.47831544453948,19.2393965913356
51000486,701,17,Shuto Sakihama,崎濱 秀斗,1023,1002,0.142576922900727,0.0948967729760101,11.7344224799803,6.77215306774908
51000116,701,18,Masahiro Waki,脇 真大,1658,1488,0.0284632188450047,0.15895050476664,-0.661474455637717,14.2077121976646
8756,701,34,Shota Onodera,小野寺 祥太,1918,1804,0.163180328906668,0.113859160647473,13.9725208704035,8.97336681180407
26914,701,45,Jack Cooley,ジャック・クーリー,3338,2982,0.0702432124575578,0.162988483446814,3.87698566251861,14.6764534934866
12582,701,53,Alex Kirk,アレックス・カーク,2712,2616,0.114186955784095,0.108305155248476,8.65048870274084,8.32864035484909
8467,694,3,Seiya Ando,安藤 誓哉,3523,3609,0.0282262714152671,-0.0209242031358618,-0.687213484464194,-6.67271099074656
51000412,694,4,Damien Inglis,ダミアン・イングリス,3378,3451,0.09358913908503,0.00245384045625922,6.41299746526698,-3.95891398608261
8488,694,7,Hiroki Taniguchi,谷口 光貴,524,516,0.0488515290039816,0.0387746611128885,1.5532585907866,0.257321385217514
51000406,694,8,Gary Clark,ゲイリー・クラーク,2770,2867,0.0675418922296251,-0.00999658386302389,3.58354774975747,-5.40419849380134
51000468,694,10,Kanta Maeno,前野 幹太,300,334,-0.0157867463047557,-0.0345881475256326,-5.46824163526828,-8.25886473413986
51000319,694,11,Cameron Jackson,キャメロン・ジャクソン,1863,1792,0.0989691863419444,-0.0584719343497832,6.99741904598179,-11.031370007646
5100000062,694,15,Kiefer Ravena,キーファー・ラベナ,2714,2702,0.107381874417491,0.029303365688659,7.91126909755017,-0.842136447995874
10851,694,18,Kenta Morii,森井 健太,2041,2088,0.0596391399270946,-0.0203118666179781,2.72509079350924,-6.60162903722332
5100000024,694,23,Kai King,キング 開,1747,1770,0.022699819494533,0.0390634062659612,-1.28753865133124,0.29083983291961
51000227,694,24,Hiroki Matsuzaki,松崎 裕樹,1219,1258,0.0085896252072815,-0.0950546845974263,-2.8202950855708,-15.2780109916624
32956,694,30,Koya Sudo,須藤 昂矢,2177,2228,0.0886119687957374,0.0267874670967114,5.87233943959318,-1.13418988847995
5100000025,694,51,Tatsumi Yu,兪 龍海,544,581,-0.0579758926408788,-0.00951834983600076,-10.051147028725,-5.34868358020519
9310,1638,5,Yasuhiro Yamashita,山下 泰弘,24,27,-0.00420174791317933,-0.160199759448978,-4.20979115160719,-22.8402566647918
51000112,704,9,Hikaru Futagami,二上 耀,89,88,-0.0676203416909151,-0.0444822376710437,-11.0988003094098,-9.40740191154255
10820,692,14,Yusei Sugiura,杉浦 佑成,1778,1725,0.0356613693604763,0.0846868261705281,0.120443304855642,5.58695025343688
51000554,727,55,Taiga Okada,岡田 大河,1602,1639,-0.00813730035016649,-0.0453905895727131,-4.63730073774587,-9.51284626407007
51000416,697,2,David Nwaba,デイビッド・ヌワバ,3806,3681,0.113953079638979,0.0522685795740279,8.6250833001685,1.82373798277067
30459,701,47,Shogo Taira,平良 彰吾,291,298,0.0909360219678034,0.0524180914628159,6.12479574036981,1.84109379419072
8594,2486,8,Tomoya Hasegawa,長谷川 智也,144,128,0.0450480579519877,-0.00180655778394076,1.14009668750545,-4.4534744456596
55000970,698,15,Yuma Kajiwara,梶原 悠真,2,4,0.0594640847184021,-0.279530403512377,2.70607496764546,-36.6925340441108
51000311,698,18,Keitaro Ohba,大庭 圭太郎,323,318,-0.111684412469199,-0.0362122283125143,-15.8853742310193,-8.44739315215758
33032,703,32,Justin Harper,ジャスティン・ハーパー,127,106,-0.0816601557218832,0.157254513838238,-12.6239115058542,14.0108362237065
51000553,694,77,Isa Ehara,江原 行佐,3,2,-0.107430331890488,0.359028006786961,-15.4232636997218,37.4333394210814
5100000015,2488,99,Koya Kawamata,川真田 紘也,534,546,-0.0918650791733911,-0.0460949213866965,-13.7324477713932,-9.59460732160022
51000518,704,44,Daniel Kato,加藤 ダニエル,36,46,-0.189390287552749,-0.274967392739688,-24.3263763595396,-36.1628453677092
9340,699,11,Chehales Tapscott,チェハーレス・タプスコット,1174,1186,-0.104442541224086,-0.0249326945064611,-15.0987071929253,-7.13802930670777
8486,727,10,Kengo Nomoto,野本 建吾,610,655,-0.0398485961065981,0.00423467964602808,-8.0820224488182,-3.75218855844196
55000966,702,19,Kotaro Ando,安藤 煌太朗,1,1,-0.193525184753374,0.177484778090589,-24.7755402874172,16.3592290785343
55000589,702,40,Yuma Nishimura,西村 優真,15,16,-0.177951220706588,-0.245660950642633,-23.0837780683176,-32.7608611739955
30438,706,3,Kai Toews,テーブス 海,979,1057,0.108469262573105,0.0689731822307216,8.02938945493874,3.76286092414096
8649,706,22,Ryan Rossiter,ライアン・ロシター,2515,2461,0.112269357919809,0.150211112909463,8.44218466348153,13.1932160380037
51000173,694,25,Kaleb Tarczewski,ケーレブ・ターズースキー,2674,2637,0.0179177348261996,0.000762994289770748,-1.80700499568121,-4.15519273985782
5100000079,1638,60,Chase Fieler,チェイス・フィーラー,1418,1451,0.0190102876744424,0.0386527408202748,-1.68832361016663,0.243168493270034
19956,728,32,Avi Koki Schafer,シェーファー アヴィ幸樹,1309,1263,0.0765463341125974,0.0735514056361954,4.56167859274179,4.29431553091758
51000490,706,0,Brandon Davies,ブランドン・デイヴィス,556,623,0.0259921404061005,0.0149099546095256,-0.929901757178355,-2.51296898449664
51000307,721,1,Masato Ichikawa,市川 真人,162,190,-0.0193864547585815,-0.0931350652085712,-5.85926929808175,-15.0551755209763
30443,701,27,Kenta Whitaker,ウィタカ ケンタ,20,23,-0.120392740410174,-0.0936648791230741,-16.8313389293975,-15.1166779905282
15818,696,25,Daichi Kuzuhara,葛原 大智,653,649,0.0285676070599766,0.0719726374895958,-0.650135015166541,4.111047147042
10842,745,10,Kazuya Mitsui,三ツ井 利也,182,208,-0.0285017915944066,-0.00761925154068073,-6.84944639280787,-5.12823026275398
10834,701,7,Andrew Randall,アンドリュー・ランダル,2124,2005,0.0503702346398952,0.0808352366895605,1.71823192763609,5.13984560349227
51000520,697,22,Jordan Dallas,ジョーダン・ダラス,269,249,-0.0286807567729045,0.0468599355008377,-6.86888694927811,1.19588552679939
51000438,720,0,Olufemi Olujobi,オルフェミ・オルジョビ,960,966,-0.0816941815861015,0.00693327703216494,-12.6276076535648,-3.43892686592975
51000135,693,36,AlexanderGaku Aihara,相原 アレクサンダー学,145,143,-0.118245565064203,0.0763916994156943,-16.598096441025,4.6240257875007
30515,703,1,Jamel Mclean,ジャメール・マクリーン,1524,1506,-0.0203622188958343,-0.0186371057445752,-5.96526420709769,-6.40721751498197
8537,698,13,Leo Sakai,坂井 レオ,50,59,-0.0864238148490884,-0.0186787500482803,-13.141376328032,-6.412051717049
10831,713,30,Terrance Woodbury,テレンス・ウッドベリー,1615,1665,0.097340190907753,0.0928603814179268,6.82046519387504,6.53576231550872
8516,729,12,Taito Nakahigashi,中東 泰斗,1652,1517,0.0630694242406648,0.175046847890599,3.09771431986607,16.0762264548014
5100000090,717,1,Mark Burton,マーク・バートン,53,60,-0.0887140390238825,-0.0589435987557091,-13.3901578662804,-11.086122298913
9398,706,4,Jeffrey Parmer,ジェフリー・パーマー,382,428,-0.126146549281385,-0.0215526375410258,-17.4563613344186,-6.74566163777745
32988,704,21,Kenny Lawson Jr.,ケニー・ローソン・ジュニア,595,580,0.00498324739035163,0.00190716480501248,-3.21204722524135,-4.02237381919611
8839,720,24,Hiryu Okamoto,岡本 飛竜,272,295,0.0464676402167951,-0.0815442583005374,1.29430249119745,-13.7096781124908
8517,717,21,Takaya Sasayama,笹山 貴哉,1498,1511,0.0596029152805766,0.0411879569387161,2.72115579737112,0.537464373132304
30521,699,24,Faraz Rashid,ラシード ファラーズ,283,266,0.0453533871724329,-0.0971199941315722,1.17326386562302,-15.5177586337345
55000971,692,77,Rowa Tanno,丹野 路和,4,11,-0.0193595930220591,-0.0468856369039379,-5.85635137231466,-9.68639607174842
5100000035,721,21,Ryu Watanabe,渡部 琉,442,404,0.021508737005472,-0.0342269582754042,-1.41692307451156,-8.21693674724377
51000561,701,21,Damyean Dotson,デイミアン・ドットソン,1599,1557,0.154358659803702,0.0691348594450885,13.0142441944743,3.78162892490812
51000560,706,44,FRANK KAMINSKY,フランク・カミンスキー,147,126,-0.0111805272231347,0.12456211274863,-4.96787914619537,10.2157992351472
51000228,703,7,Atsuya Ogawa,小川 敦也,1418,1418,0.18018091572816,-0.0365203537807707,15.8192536868349,-8.48316132794697
20037,697,24,Ryusei Sasaki,佐々木 隆成,921,865,0.165765327017002,0.0730463814958002,14.2533229915828,4.23569073649939
51000137,720,20,Shunsuke Ueda,上田 隼輔,114,125,-0.0852552778686754,-0.0376469620882759,-13.0144409691764,-8.61394157216584
51000188,700,7,Kaisei Takahashi,高橋 快成,396,393,-0.0436188156839595,0.101570850937287,-8.49157232446503,7.54690107901167
12633,700,34,Joshua Smith,ジョシュア・スミス,157,161,-0.0561568229977654,0.127081149911568,-9.85354587291871,10.5082170108469
8557,712,92,Keisuke Murakoshi,村越 圭佑,39,37,-0.155537012322655,-0.12110423699602,-20.6489765751944,-18.3019251611083
51000501,717,15,Mylo Murphy,マイロ・マーフィー,87,98,-0.0748181643005878,-0.0195082589545744,-11.8806824502856,-6.50834372610323
30400,721,0,Ryo Terashima,寺嶋 良,1217,1083,0.0496197178858783,0.0743868483232691,1.63670509956375,4.39129635195228
55000567,701,77,Ryunosuke Satori,佐取 龍之介,7,3,-0.180915843709468,0.295868925520249,-23.4058179276032,30.1016341445674
51000564,704,13,Kotaro Fukami,深水 虎太郎,18,17,-0.166903208027457,-0.349735584138213,-21.8836590497725,-44.84217274863
51000566,700,51,Koshiro Asai,浅井 弘士郎,5,8,-0.241049338978421,-0.0850220307449037,-29.937974743479,-14.1133889022853
51000457,1638,8,Rui Todoroki,轟 琉維,731,719,0.0682437376701846,-0.0511369334985584,3.65978753022819,-10.1798999836116
51000562,703,21,Shin Matsumoto,松本 秦,15,7,-0.0695482839836248,0.167274638416406,-11.3082280390239,15.1740038754152
51000451,693,11,Haruki Naito,内藤 晴樹,179,180,-0.0550609809203694,-0.0517303653590768,-9.73450718636024,-10.2487874249067
55000123,693,13,Eijiro Ogawa,小川 瑛次郎,403,400,0.0532087805133904,-0.0198686590101301,2.02657633189527,-6.55018010079361
8835,704,34,Jeff Gibbs,ジェフ・ギブス,370,411,0.111221270668144,0.148034549120679,8.32833346866948,12.9405536512994
51000576,704,42,Quentin Millora-Brown,クエンティン・ミロラ・ブラウン,739,691,-0.0459342582270526,0.122420886834533,-8.74309327334697,9.96723898034708
51000259,745,11,Kai Sotto,カイ・ソット,1116,1255,0.0854958765529835,0.028038481661821,5.53384584145186,-0.988968173659911
51000482,713,12,Shori Togaeri,十返 翔里,78,78,0.0386600488729346,0.085634472028439,0.446182640783529,5.69695597228785
51000578,2486,1,Marial Shayok,マリアル・シャヨク,549,560,0.0352938812538037,0.0641111561466501,0.0805239565786471,3.19846160768157
51000577,694,11,Nagi Sato,佐藤 凪,12,16,-0.306795821032191,0.00661388718957237,-37.079856800169,-3.47600264580553
27048,720,25,Muusa Dama,ダマ ムッサ,255,313,0.0504183570020649,-0.00220989975812882,1.72345934398095,-4.50029565364878
8650,703,0,Yuta Tabuse,田臥 勇太,27,24,-0.11409162464791,0.164972022741053,-16.1468638944772,14.9067089883113
51000581,745,23,Kanta Inada,稲田 貫大,17,20,-0.0915841086229396,-0.227952977321731,-13.7019266169521,-30.7052638025743
51000584,720,2,Hayate Kanayama,金山 颯,3,1,0.0825938347805657,0.191716013518139,5.2186040305631,18.0112357541045
51000586,698,2,Junpei Iwashita,岩下 准平,543,554,-0.0219744398559004,0.0404552865624745,-6.14039588846581,0.452413685951591
51000583,712,12,Kento Akama,赤間 賢人,335,397,-0.127267006509634,0.0838608249222043,-17.5780739055517,5.4910654243785
49996,700,23,Cyril Nesmith II,シリル・ニースミス,212,220,-0.0729286335515254,-0.0528267280694583,-11.6754272741797,-10.3760566648555
51000533,745,9,Davon Reed,デイボン・リード,416,429,0.0146716416622616,0.0194493113379682,-2.15962028090534,-1.98602614412566
15811,729,14,Takuma Sato,佐藤 卓磨,74,60,-0.0571911783706029,0.101721658373977,-9.96590540679411,7.56440728171668
51000585,699,7,Shuma Nishibe,西部 秀馬,76,57,-0.0276471606639239,-0.155923224887671,-6.75660989240752,-22.3438230501874
5100000022,727,11,Reoto Yonesu,米須 玲音,473,456,0.075002114824554,0.122405701882865,4.39393376928718,9.96547626328361
51000240,727,60,Shuntaro Buto,武藤 俊太朗,86,97,0.0131590547567471,0.140720739643292,-2.3239289548028,12.0915435887506
51000590,2488,32,Lucas Tanaka,田中 流嘉州,10,11,-0.147854406986309,0.210655978288019,-19.814433653865,20.2098465770504
51000588,745,13,Haruki Hori,堀 陽稀,62,55,-0.028142038789294,-0.14777884627749,-6.8103673117161,-21.3983979041497
51000464,696,14,Towa Izumi,泉 登翔,569,569,0.0713781899205164,0.0745997463918076,4.00027553178983,4.41601023095682
52433,702,20,Jordan Ngatai,ジョーダン・ナタイ,516,571,0.0746667713718438,-0.0414053427399029,4.35750621737983,-9.050226247339
51000589,721,14,Ryusei Sako,佐古 竜誠,24,37,0.073920133999186,-0.127998210050222,4.27640079716467,-19.102199288026
51000591,694,6,Gakuto Arai,新井 楽人,231,238,-0.0250594415369143,-0.0156944974757481,-6.47551219373781,-6.0656302699084
51000601,704,15,Garrison Brooks,ギャリソン・ブルックス,468,472,0.188151679775183,0.0872142699606719,16.6850985951448,5.88034389692638
51000600,693,18,Yori Iwaya,岩屋 頼,155,197,0.038717053512581,0.111365299893216,0.452374917546046,8.68387159299828
51000473,1638,6,Kenta Fukunaga,福永 健太,0,0,NaN,NaN,NaN,NaN
51000376,1638,17,Sorata Oishi,大石 空汰,0,0,NaN,NaN,NaN,NaN
51000540,712,30,Tim Schneider,ティム・シュナイダー,350,388,0.0607480951007089,-0.0271457859317661,2.84555392413929,-7.39493193662092
51000603,720,5,Shota Arai,新井 翔太,269,312,-0.00379767153730564,0.00729124054710084,-4.16589730773545,-3.39737333255626
51000593,717,11,Hikaru Tsukioka,月岡 熙,51,50,0.0368865625618565,0.0798709552115826,0.253533092591504,5.02790876941641
51000599,693,7,Naohide Hotta,堀田 尚秀,124,125,-0.0601817780336296,-0.0133019569487228,-10.290767048131,-5.78789662251428
51000605,698,11,Louieseandrey Sato,佐藤 瑠一シャンドレイ,0,0,NaN,NaN,NaN,NaN
51000604,1638,11,Futa Takedomi,武富 楓太,15,10,-0.133609672909454,-0.0182032233509544,-18.2670624861939,-6.35685107881956
12642,693,27,Angelo Chol,アンジェロ・チョル,153,173,-0.119345111764719,0.122238180686426,-16.7175375518738,9.94602987465301
51000100,702,29,Max Hisatake,マックス・ヒサタケ,160,163,0.234555933715576,0.0715601523245857,21.7258809795154,4.06316456863625
51000426,2488,44,Mitchell Lightfoot,ミッチェル・ライトフット,93,108,0.242080286537322,0.00805663066869961,22.5432333111867,-3.30852443417821
8587,1637,0,Ryoma Hashimoto,橋本 竜馬,0,0,NaN,NaN,NaN,NaN
51000539,1637,5,Chris-Ebou Ndow,クリス・エブ・ンドウ,0,0,NaN,NaN,NaN,NaN
51000453,1637,6,Taisuke Uemura,上村 大佐,0,0,NaN,NaN,NaN,NaN
10894,1637,14,Teppei Kashiwagura,柏倉 哲平,0,0,NaN,NaN,NaN,NaN
8684,1637,16,Naoaki Hashimoto,橋本 尚明,0,0,NaN,NaN,NaN,NaN
15828,1637,22,Martel Barone,バローン マーテル,0,0,NaN,NaN,NaN,NaN
51000375,1637,25,Ryusei Nabeta,鍋田 隆征,0,0,NaN,NaN,NaN,NaN
33039,1637,26,Angus Brandt,アンガス・ブラント,0,0,NaN,NaN,NaN,NaN
51000174,1637,30,Takumi Simon,サイモン 拓海,0,0,NaN,NaN,NaN,NaN
15816,1637,33,Shotaro Hayashi,林 翔太郎,0,0,NaN,NaN,NaN,NaN
9319,1637,41,Seiya Kanou,加納 誠也,0,0,NaN,NaN,NaN,NaN
10824,753,0,Keisuke Aita,會田 圭佑,0,0,NaN,NaN,NaN,NaN
26876,753,8,Ryuji Aoki,青木 龍史,0,0,NaN,NaN,NaN,NaN
51000398,753,10,Siyao Sun,スン スーヤオ,0,0,NaN,NaN,NaN,NaN
8840,753,12,Hayato Kantake,寒竹 隼人,0,0,NaN,NaN,NaN,NaN
8615,753,23,Shunto Murakami,村上 駿斗,0,0,NaN,NaN,NaN,NaN
9383,753,24,Justin Burrell,ジャスティン・バーレル,0,0,NaN,NaN,NaN,NaN
51000110,753,28,Takumi Ide,井手 拓実,0,0,NaN,NaN,NaN,NaN
8463,753,32,Yusuke Karino,狩野 祐介,0,0,NaN,NaN,NaN,NaN
8595,753,33,Toshikazu Kato,加藤 寿一,0,0,NaN,NaN,NaN,NaN
32952,753,34,Pablo Aguilar,パブロ・アギラール,0,0,NaN,NaN,NaN,NaN
51000405,708,1,Rashard Kelly,ラシャード・ケリー,0,0,NaN,NaN,NaN,NaN
51000492,708,3,Tim Dalger,ティム・ダルガー,0,0,NaN,NaN,NaN,NaN
5100000041,708,7,Weijia Wang,ワン ウェイジャ,0,0,NaN,NaN,NaN,NaN
51000388,708,11,Masahiro Okabe,岡部 雅大,0,0,NaN,NaN,NaN,NaN
51000235,708,17,Shugo Asai,浅井 修伍,0,0,NaN,NaN,NaN,NaN
51000167,708,24,Taiga Kagitomi,鍵冨 太雅,0,0,NaN,NaN,NaN,NaN
42555,708,25,Beni Misakabo,ミサカボ ベニ,0,0,NaN,NaN,NaN,NaN
51000381,708,55,Yuya Otaka,大髙 祐哉,0,0,NaN,NaN,NaN,NaN
51000109,708,56,Takahiro Komuro,小室 昂大,0,0,NaN,NaN,NaN,NaN
15855,708,75,Nagomu Kamizato,神里 和,0,0,NaN,NaN,NaN,NaN
32985,708,91,Kyonosuke Terashima,寺嶋 恭之介,0,0,NaN,NaN,NaN,NaN
51000330,709,0,Kokoro Sekiya,関屋 心,0,0,NaN,NaN,NaN,NaN
9264,709,1,Shohei Goto,後藤 翔平,0,0,NaN,NaN,NaN,NaN
51000534,709,4,Noah Gurley,ノア・ガーリー,0,0,NaN,NaN,NaN,NaN
49493,709,6,Sogo Yamagiwa,山際 爽吾,0,0,NaN,NaN,NaN,NaN
51000223,709,7,Yuto Nakano,中野 友都,0,0,NaN,NaN,NaN,NaN
51000190,709,8,Rin Yamazaki,山崎 凜,0,0,NaN,NaN,NaN,NaN
10881,709,10,Takumi Nihira,仁平 拓海,0,0,NaN,NaN,NaN,NaN
51000535,709,15,Marko Tejic,マルコ・テヒチ,0,0,NaN,NaN,NaN,NaN
10877,709,22,Keijiro Monma,門馬 圭二郎,0,0,NaN,NaN,NaN,NaN
18170,709,32,Hiroki Usui,臼井 弘樹,0,0,NaN,NaN,NaN,NaN
46257,709,61,Clay Mounce,クレイ・マウンス,0,0,NaN,NaN,NaN,NaN
20031,711,1,Tsukasa Nakano,中野 司,0,0,NaN,NaN,NaN,NaN
51000507,711,3,Yuki Okubo,大久保 友貴,0,0,NaN,NaN,NaN,NaN
12591,711,5,Diouf Bamba,ジュフ・伴馬,0,0,NaN,NaN,NaN,NaN
15824,711,9,Keita Shinkawa,新川 敬大,0,0,NaN,NaN,NaN,NaN
18167,711,13,Kohei Kasai,笠井 康平,0,0,NaN,NaN,NaN,NaN
49607,711,14,Shoya Ogawa,小川 翔矢,0,0,NaN,NaN,NaN,NaN
51000505,711,15,Patrick Gardner,パトリック・ガードナー,0,0,NaN,NaN,NaN,NaN
51000275,711,20,Kokisky Wiley,ワイリー 光希スカイ,0,0,NaN,NaN,NaN,NaN
51000506,711,24,Jack Nunge,ジャック・ナンジ,0,0,NaN,NaN,NaN,NaN
51000233,711,42,Takumi Masuko,益子 拓己,0,0,NaN,NaN,NaN,NaN
51000251,711,44,Eo Java Yoneyama,米山 ジャバ 偉生,0,0,NaN,NaN,NaN,NaN
51000508,711,55,Kenny Manigault,ケニー・マニゴールト,0,0,NaN,NaN,NaN,NaN
43445,714,1,Tray Boyd,トレイ・ボイド,0,0,NaN,NaN,NaN,NaN
51000178,714,5,Tariki Dickson JR.,ディクソンジュニア タリキ,0,0,NaN,NaN,NaN,NaN
8547,714,8,Tatsuya Nishiyama,西山 達哉,0,0,NaN,NaN,NaN,NaN
51000344,714,10,Io Nagano,永野 威旺,0,0,NaN,NaN,NaN,NaN
49610,714,11,Hironao Kinoshita,木下 大南帆,0,0,NaN,NaN,NaN,NaN
51000274,714,13,Hirotaka Ohashi,大橋 大空,0,0,NaN,NaN,NaN,NaN
51000526,714,14,Karim Ezzeddine,カリム・エゼディン,0,0,NaN,NaN,NaN,NaN
55000957,714,18,Serignemourtala Coulibaly,クーリバリ セリンムルタラ,0,0,NaN,NaN,NaN,NaN
46074,714,21,Elyjah Williams,エライジャ・ウィリアムス,0,0,NaN,NaN,NaN,NaN
51000255,714,33,Yusuke Sugiyama,杉山 裕介,0,0,NaN,NaN,NaN,NaN
18442,714,34,Benjamin Lawson,ベンジャミン・ローソン,0,0,NaN,NaN,NaN,NaN
30444,714,93,Junki Uera,上良 潤起,0,0,NaN,NaN,NaN,NaN
51000504,725,1,Naim Rabay,ナイム・ラバイ,0,0,NaN,NaN,NaN,NaN
33035,725,2,Patrik Auda,パトリック・アウダ,0,0,NaN,NaN,NaN,NaN
51000436,725,5,Sera Sato,佐藤 星来,0,0,NaN,NaN,NaN,NaN
30404,725,7,Yoshiki Ametani,飴谷 由毅,0,0,NaN,NaN,NaN,NaN
5100000010,725,9,Kota Fujimoto,藤本 巧太,0,0,NaN,NaN,NaN,NaN
32983,725,10,Taiga Jack Komamizu,駒水 大雅 ジャック,0,0,NaN,NaN,NaN,NaN
9402,725,12,Hiroshi Fujita,藤田 浩司,0,0,NaN,NaN,NaN,NaN
9218,725,14,Takayuki Kodama,兒玉 貴通,0,0,NaN,NaN,NaN,NaN
30457,725,20,Takeshi Tada,多田 武史,0,0,NaN,NaN,NaN,NaN
51000493,725,22,Josh Sharma,ジョシュ・シャーマ,0,0,NaN,NaN,NaN,NaN
36799,725,23,Anthony Gaines Jr.,アンソニー・ゲインズ・ジュニア,0,0,NaN,NaN,NaN,NaN
5100000037,725,33,Keisuke Mimori,三森 啓右,0,0,NaN,NaN,NaN,NaN
30350,723,0,Yugo Okuda,奥田 雄伍,0,0,NaN,NaN,NaN,NaN
20004,723,1,Eiji Hayashi,林 瑛司,0,0,NaN,NaN,NaN,NaN
9348,723,2,Takumi Furuno,古野 拓巳,0,0,NaN,NaN,NaN,NaN
8579,723,3,Michael Parker,マイケル・パーカー,0,0,NaN,NaN,NaN,NaN
51000434,723,6,Ryoki Taira,平 凌輝,0,0,NaN,NaN,NaN,NaN
8599,723,13,Yoshihiko Toshino,俊野 佳彦,0,0,NaN,NaN,NaN,NaN
51000411,723,16,Matt Haarms,マット・ハームス,0,0,NaN,NaN,NaN,NaN
51000230,723,17,Riki Takeuchi,武内 理貴,0,0,NaN,NaN,NaN,NaN
9234,723,21,Ryota Ito,伊藤 良太,0,0,NaN,NaN,NaN,NaN
5100000050,723,44,Shaquille Hines,シャキール・ハインズ,0,0,NaN,NaN,NaN,NaN
51000432,723,50,Mitchell Watt,ミッチェル・ワット,0,0,NaN,NaN,NaN,NaN
20003,723,65,Shogo Tamaki,玉木 祥護,0,0,NaN,NaN,NaN,NaN
51000548,716,0,HarrisJionUche Fukushima,福島 ハリス慈音ウチェ,0,0,NaN,NaN,NaN,NaN
51000323,716,4,Taichi Kodama,小玉 大智,0,0,NaN,NaN,NaN,NaN
5100000017,716,5,Daiki Tsuchiya,土家 大輝,0,0,NaN,NaN,NaN,NaN
42539,716,11,Akitoshi Oguri,小栗 瑛哉,0,0,NaN,NaN,NaN,NaN
8448,716,15,Aki Chambers,アキ・チェンバース,0,0,NaN,NaN,NaN,NaN
51000528,716,24,Mike Daum,マイク・ダウム,0,0,NaN,NaN,NaN,NaN
51000239,716,27,Susumu Tokairin,東海林 奨,0,0,NaN,NaN,NaN,NaN
5100000049,716,34,Hugh Watanabe,渡邉 飛勇,0,0,NaN,NaN,NaN,NaN
10822,716,46,Shusuke Ikuhara,生原 秀将,0,0,NaN,NaN,NaN,NaN
8843,716,50,Wayne Marshall,ウェイン・マーシャル,0,0,NaN,NaN,NaN,NaN
51000549,716,51,Haruto Yokoyama,横山 悠人,0,0,NaN,NaN,NaN,NaN
51000538,710,2,Shaquille Doorson,シャキール・ドアソン,0,0,NaN,NaN,NaN,NaN
51000172,710,3,James Bell,ジェームズ・ベル,0,0,NaN,NaN,NaN,NaN
51000383,710,6,Takumi Sato,佐藤 巧,0,0,NaN,NaN,NaN,NaN
51000246,710,7,Shuki Nakata,中田 嵩基,0,0,NaN,NaN,NaN,NaN
8674,710,8,Shinya Murakami,村上 慎也,0,0,NaN,NaN,NaN,NaN
51000373,710,10,Toi Jingaoka,陳岡 燈生,0,0,NaN,NaN,NaN,NaN
15832,710,11,Taisei Shirato,白戸 大聖,0,0,NaN,NaN,NaN,NaN
51000097,710,13,Ryusei Abe,阿部 龍星,0,0,NaN,NaN,NaN,NaN
49519,710,24,Shoichi Hirose,広瀬 翔一,0,0,NaN,NaN,NaN,NaN
22393,710,37,Kentaro Yoshida,吉田 健太郎,0,0,NaN,NaN,NaN,NaN
51000537,710,93,Noah Waterman,ノア・ウォーターマン,0,0,NaN,NaN,NaN,NaN
8462,719,0,Ryota Kobayashi,小林 遥太,0,0,NaN,NaN,NaN,NaN
8518,719,1,Yuto Otsuka,大塚 勇人,0,0,NaN,NaN,NaN,NaN
51000519,719,4,Jaemyn Brakefield,ジェイミン・ブレイクフィールド,0,0,NaN,NaN,NaN,NaN
12500,719,7,Masaya Komaki,古牧 昌也,0,0,NaN,NaN,NaN,NaN
51000423,719,10,Osasere Idemudia,イデムディア オサセレ,0,0,NaN,NaN,NaN,NaN
9332,719,11,Nigel Spikes,ナイジェル・スパイクス,0,0,NaN,NaN,NaN,NaN
51000477,719,14,Tatsuya Sakaguchi,坂口 竜也,0,0,NaN,NaN,NaN,NaN
8683,719,18,Takuya Soma,相馬 卓弥,0,0,NaN,NaN,NaN,NaN
15757,719,20,Shunpei Ishii,石井 峻平,0,0,NaN,NaN,NaN,NaN
8558,719,24,Jumpei Honda,本多 純平,0,0,NaN,NaN,NaN,NaN
51000484,719,29,Shu Mayama,間山 柊,0,0,NaN,NaN,NaN,NaN
51000331,724,2,Chikara Tanaka,田中 力,0,0,NaN,NaN,NaN,NaN
51000156,724,3,Shota Yamamoto,山本 翔太,0,0,NaN,NaN,NaN,NaN
30462,724,5,Hiroaki Isono,磯野 寛晃,0,0,NaN,NaN,NaN,NaN
8722,724,11,Kaito Ishikawa,石川 海斗,0,0,NaN,NaN,NaN,NaN
22395,724,13,Ren Nagashima,長島 蓮,0,0,NaN,NaN,NaN,NaN
30405,724,15,Lamine Mbodj,モッチ ラミン,0,0,NaN,NaN,NaN,NaN
10263,724,17,Keita Sawabe,澤邉 圭太,0,0,NaN,NaN,NaN,NaN
9399,724,31,Atomu Yamada,山田 安斗夢,0,0,NaN,NaN,NaN,NaN
51000495,724,42,Nemanja Durisic,ネマンヤ・ジュリシッチ,0,0,NaN,NaN,NaN,NaN
18432,724,88,Gregory Echenique,グレゴリー・エチェニケ,0,0,NaN,NaN,NaN,NaN
51000515,718,1,Rawle Alkins,ラウル・アルキンズ,0,0,NaN,NaN,NaN,NaN
18148,718,4,Shuto Terazono,寺園 脩斗,0,0,NaN,NaN,NaN,NaN
8591,718,5,Isaac Butts,アイザック・バッツ,0,0,NaN,NaN,NaN,NaN
5100000016,718,8,Allen Hachimura,八村 阿蓮,0,0,NaN,NaN,NaN,NaN
8536,718,9,Naoki Tani,谷 直樹,0,0,NaN,NaN,NaN,NaN
5100000066,718,12,Keigo Kimura,木村 圭吾,0,0,NaN,NaN,NaN,NaN
8538,718,13,Noriaki Dohara,道原 紀晃,0,0,NaN,NaN,NaN,NaN
51000317,718,23,Yoeli Childs,ヨーリ・チャイルズ,0,0,NaN,NaN,NaN,NaN
51000547,718,24,Michiya Nakajima,中島 三千哉,0,0,NaN,NaN,NaN,NaN
5100000031,718,30,Ryuya Kaneda,金田 龍弥,0,0,NaN,NaN,NaN,NaN
30347,718,33,Reiju Sasakura,笹倉 怜寿,0,0,NaN,NaN,NaN,NaN
51000448,718,90,Riichi Nomizo,野溝 利一,0,0,NaN,NaN,NaN,NaN
8712,2891,0,Masashi Hosoya,細谷 将司,0,0,NaN,NaN,NaN,NaN
51000150,2891,2,Damilola Mosaku,モサク ダミロラ,0,0,NaN,NaN,NaN,NaN
18398,2891,4,Ryan Kelly,ライアン・ケリー,0,0,NaN,NaN,NaN,NaN
51000471,2891,11,Eishin Naito,内藤 英真,0,0,NaN,NaN,NaN,NaN
30468,2891,12,Yo Nishino,西野 曜,0,0,NaN,NaN,NaN,NaN
51000115,2891,13,Sena Kawashima,川島 聖那,0,0,NaN,NaN,NaN,NaN
5100000019,2891,18,Naoyuki Fujisawa,藤澤 尚之,0,0,NaN,NaN,NaN,NaN
5100000087,2891,24,Marcus Kaishu Tobin,トビン マーカス海舟,0,0,NaN,NaN,NaN,NaN
51000272,2891,25,Rapolas Ivanauskas,ラポラス・アイヴァナーカス,0,0,NaN,NaN,NaN,NaN
22522,2891,30,Perry Ellis,ペリー・エリス,0,0,NaN,NaN,NaN,NaN
9283,2891,22,Akihisa Kosaka,小阪 彰久,0,0,NaN,NaN,NaN,NaN
8552,711,7,Shota Watanabe,渡邊 翔太,0,0,NaN,NaN,NaN,NaN
20018,1637,11,Keisuke Masuda,増田 啓介,0,0,NaN,NaN,NaN,NaN
32984,716,3,Eliet Donley,エリエット・ドンリー,0,0,NaN,NaN,NaN,NaN
8571,2891,73,Shuto Tawatari,田渡 修人,0,0,NaN,NaN,NaN,NaN
10844,2891,21,Jotaro Mitsuda,満田 丈太郎,0,0,NaN,NaN,NaN,NaN
51000555,710,32,Jonghyun Lee,イ・ジョンヒョン,0,0,NaN,NaN,NaN,NaN
51000377,719,88,Erimu Nakatani,中谷 衿夢,0,0,NaN,NaN,NaN,NaN
5100000063,714,20,Zack Moore,ザック・モーア,0,0,NaN,NaN,NaN,NaN
47147,719,22,Viacheslav Petrov,ヴャチェスラフ・ペトロフ,0,0,NaN,NaN,NaN,NaN
39533,709,2,Harumichi Ishikawa,石川 晴道,0,0,NaN,NaN,NaN,NaN
5100000044,725,34,Zen Endo,遠藤 善,0,0,NaN,NaN,NaN,NaN
51000527,709,3,Jaycee Hillsman,ジェイシー・ヒルズマン,0,0,NaN,NaN,NaN,NaN
55000079,709,30,Shutatsu Taira,平良 宗龍,0,0,NaN,NaN,NaN,NaN
51000556,2891,7,Minwook Kim,キム・ミンウク,0,0,NaN,NaN,NaN,NaN
51000450,724,12,Koki Hosaka,保坂 晃毅,0,0,NaN,NaN,NaN,NaN
51000485,725,0,Hiromichi Inoue,井上 大道,0,0,NaN,NaN,NaN,NaN
51000557,1637,7,Masachika Toguchi,渡久地 政睦,0,0,NaN,NaN,NaN,NaN
8510,753,7,Takanobu Nishikawa,西川 貴之,0,0,NaN,NaN,NaN,NaN
18428,716,12,Louis Kurihara,栗原 ルイス,0,0,NaN,NaN,NaN,NaN
8526,725,32,Shuhei Muto,武藤 修平,0,0,NaN,NaN,NaN,NaN
51000558,710,18,Sotaro Kawabata,川畑 颯太郎,0,0,NaN,NaN,NaN,NaN
51000559,753,20,Mato Nakatani,中谷 麻登,0,0,NaN,NaN,NaN,NaN
51000366,723,20,Yamato Harada,原田 大和,0,0,NaN,NaN,NaN,NaN
51000444,1637,3,Manaya Yamamoto,山本 愛哉,0,0,NaN,NaN,NaN,NaN
51000565,709,31,Riku Yoshida,吉田 龍空,0,0,NaN,NaN,NaN,NaN
51000567,753,6,Eiji Shimoyama,下山 瑛司,0,0,NaN,NaN,NaN,NaN
51000563,725,31,Haruya Matsuno,松野 遥弥,0,0,NaN,NaN,NaN,NaN
51000573,753,15,Chuson Jack Shiratani,白谷 柱誠 ジャック,0,0,NaN,NaN,NaN,NaN
51000570,719,15,Aoba Ueda,植田 碧羽,0,0,NaN,NaN,NaN,NaN
55000575,710,15,Haruto Muraoka,村岡 遥斗,0,0,NaN,NaN,NaN,NaN
51000571,708,2,Kenshin Nabeta,鍋田 憲伸,0,0,NaN,NaN,NaN,NaN
51000572,708,20,Tetta Yamada,山田 哲汰,0,0,NaN,NaN,NaN,NaN
51000579,2891,10,Orgil Khishigbaatar,ヒシグバータル・オーギル,0,0,NaN,NaN,NaN,NaN
51000374,718,32,Luke Maye,ルーク・メイ,0,0,NaN,NaN,NaN,NaN
51000575,1637,2,Mitsuki Konno,今野 海輝,0,0,NaN,NaN,NaN,NaN
51000574,1637,88,Fu Matsuda,松田 颯,0,0,NaN,NaN,NaN,NaN
51000351,711,2,Riku Sugeno,菅野 陸,0,0,NaN,NaN,NaN,NaN
51000580,2891,15,Yamato Sakaguchi,坂口 大和,0,0,NaN,NaN,NaN,NaN
5100000038,714,0,Shinpei Itabashi,板橋 真平,0,0,NaN,NaN,NaN,NaN
51000582,718,2,Tim Umemura,梅村 帝武,0,0,NaN,NaN,NaN,NaN
26903,714,4,Stephen Hurt,スティーブン・ハート,0,0,NaN,NaN,NaN,NaN
51000594,709,18,Ryosuke Saeki,佐伯 崚介,0,0,NaN,NaN,NaN,NaN
51000597,708,41,Airu Mikami,三上 愛琉,0,0,NaN,NaN,NaN,NaN
51000595,1637,4,Hikaru Shimazaki,島崎 輝,0,0,NaN,NaN,NaN,NaN
51000596,724,32,Ren Kanetomo,金友 蓮,0,0,NaN,NaN,NaN,NaN
51000598,716,22,J.J. O’Brien,J.J・オブライエン,0,0,NaN,NaN,NaN,NaN
51000602,718,22,Jimmy Salem,ジミー・セーレム,0,0,NaN,NaN,NaN,NaN
46082,714,6,Cheick Keita,シェイク・ケイタ,0,0,NaN,NaN,NaN,NaN
51000606,719,41,Shotaro Ishikawa,石川 響太郎,0,0,NaN,NaN,NaN,NaN
51000609,724,10,Takeshi Kunza,君座 武志,0,0,NaN,NaN,NaN,NaN
51000608,708,15,Juron Bongo,ボンゴ ジロン,0,0,NaN,NaN,NaN,NaN
51000610,711,22,Tomoaki Murakoshi,村越 友昭,0,0,NaN,NaN,NaN,NaN
51000607,714,2,Runa Kawai,河合 瑠那,0,0,NaN,NaN,NaN,NaN
