SeasonStr,SeasonStartYear,League,Date,Home,Away,HomeID,AwayID,HomeScore,AwayScore,MatchSec,isMatchCancelled,isRegular
2025-2026,2025,B1,2025/10/03,A東京,宇都宮,706,703,56,81,第1節,0,0
2025-2026,2025,B1,2025/10/04,大阪,三遠,700,697,85,95,第1節,0,0
2025-2026,2025,B1,2025/10/04,佐賀,滋賀,1638,698,92,68,第1節,0,0
2025-2026,2025,B1,2025/10/04,越谷,島根,745,720,74,86,第1節,0,0
2025-2026,2025,B1,2025/10/04,A千葉,長崎,2486,2488,97,94,第1節,0,0
2025-2026,2025,B1,2025/10/04,三河,群馬,728,713,58,75,第1節,0,0
2025-2026,2025,B1,2025/10/04,京都,富山,699,696,94,85,第1節,0,0
2025-2026,2025,B1,2025/10/04,FE名古屋,千葉J,717,704,79,82,第1節,0,0
2025-2026,2025,B1,2025/10/04,名古屋D,北海道,729,702,68,56,第1節,0,0
2025-2026,2025,B1,2025/10/04,仙台,茨城,692,712,86,76,第1節,0,0
2025-2026,2025,B1,2025/10/04,SR渋谷,秋田,726,693,76,69,第1節,0,0
2025-2026,2025,B1,2025/10/04,川崎,広島,727,721,83,91,第1節,0,0
2025-2026,2025,B1,2025/10/04,琉球,横浜BC,701,694,75,77,第1節,0,0
2025-2026,2025,B1,2025/10/05,仙台,茨城,692,712,70,62,第1節,0,0
2025-2026,2025,B1,2025/10/05,名古屋D,北海道,729,702,77,81,第1節,0,0
2025-2026,2025,B1,2025/10/05,京都,富山,699,696,91,96,第1節,0,0
2025-2026,2025,B1,2025/10/05,大阪,三遠,700,697,85,69,第1節,0,0
2025-2026,2025,B1,2025/10/05,佐賀,滋賀,1638,698,97,91,第1節,0,0
2025-2026,2025,B1,2025/10/05,越谷,島根,745,720,61,94,第1節,0,0
2025-2026,2025,B1,2025/10/05,A千葉,長崎,2486,2488,68,102,第1節,0,0
2025-2026,2025,B1,2025/10/05,A東京,宇都宮,706,703,64,66,第1節,0,0
2025-2026,2025,B1,2025/10/05,SR渋谷,秋田,726,693,86,69,第1節,0,0
2025-2026,2025,B1,2025/10/05,三河,群馬,728,713,98,71,第1節,0,0
2025-2026,2025,B1,2025/10/05,FE名古屋,千葉J,717,704,76,102,第1節,0,0
2025-2026,2025,B1,2025/10/05,川崎,広島,727,721,88,114,第1節,0,0
2025-2026,2025,B1,2025/10/05,琉球,横浜BC,701,694,75,79,第1節,0,0
2025-2026,2025,B1,2025/10/10,長崎,佐賀,2488,1638,76,67,第2節,0,0
2025-2026,2025,B1,2025/10/11,千葉J,仙台,704,692,99,78,第2節,0,0
2025-2026,2025,B1,2025/10/11,横浜BC,FE名古屋,694,717,71,90,第2節,0,0
2025-2026,2025,B1,2025/10/11,広島,北海道,721,702,73,94,第2節,0,0
2025-2026,2025,B1,2025/10/11,茨城,群馬,712,713,85,79,第2節,0,0
2025-2026,2025,B1,2025/10/11,宇都宮,島根,703,720,101,81,第2節,0,0
2025-2026,2025,B1,2025/10/11,越谷,A千葉,745,2486,63,77,第2節,0,0
2025-2026,2025,B1,2025/10/11,富山,川崎,696,727,65,100,第2節,0,0
2025-2026,2025,B1,2025/10/11,三遠,SR渋谷,697,726,73,83,第2節,0,0
2025-2026,2025,B1,2025/10/11,三河,秋田,728,693,78,79,第2節,0,0
2025-2026,2025,B1,2025/10/11,名古屋D,大阪,729,700,85,66,第2節,0,0
2025-2026,2025,B1,2025/10/11,長崎,佐賀,2488,1638,85,73,第2節,0,0
2025-2026,2025,B1,2025/10/11,琉球,A東京,701,706,83,68,第2節,0,0
2025-2026,2025,B1,2025/10/12,広島,北海道,721,702,97,98,第2節,0,0
2025-2026,2025,B1,2025/10/12,千葉J,仙台,704,692,80,67,第2節,0,0
2025-2026,2025,B1,2025/10/12,横浜BC,FE名古屋,694,717,88,91,第2節,0,0
2025-2026,2025,B1,2025/10/12,富山,川崎,696,727,88,78,第2節,0,0
2025-2026,2025,B1,2025/10/12,茨城,群馬,712,713,56,76,第2節,0,0
2025-2026,2025,B1,2025/10/12,宇都宮,島根,703,720,93,76,第2節,0,0
2025-2026,2025,B1,2025/10/12,越谷,A千葉,745,2486,64,75,第2節,0,0
2025-2026,2025,B1,2025/10/12,三遠,SR渋谷,697,726,91,74,第2節,0,0
2025-2026,2025,B1,2025/10/12,三河,秋田,728,693,94,76,第2節,0,0
2025-2026,2025,B1,2025/10/12,名古屋D,大阪,729,700,87,70,第2節,0,0
2025-2026,2025,B1,2025/10/12,滋賀,京都,698,699,92,71,第2節,0,0
2025-2026,2025,B1,2025/10/12,琉球,A東京,701,706,82,76,第2節,0,0
2025-2026,2025,B1,2025/10/13,滋賀,京都,698,699,72,64,第2節,0,0
2025-2026,2025,B1,2025/10/15,茨城,SR渋谷,712,726,82,84,第3節,0,0
2025-2026,2025,B1,2025/10/15,宇都宮,千葉J,703,704,78,81,第3節,0,0
2025-2026,2025,B1,2025/10/15,群馬,北海道,713,702,99,72,第3節,0,0
2025-2026,2025,B1,2025/10/15,A東京,秋田,706,693,86,75,第3節,0,0
2025-2026,2025,B1,2025/10/15,川崎,仙台,727,692,68,69,第3節,0,0
2025-2026,2025,B1,2025/10/15,横浜BC,越谷,694,745,70,72,第3節,0,0
2025-2026,2025,B1,2025/10/15,富山,名古屋D,696,729,69,82,第3節,0,0
2025-2026,2025,B1,2025/10/15,三遠,A千葉,697,2486,98,79,第3節,0,0
2025-2026,2025,B1,2025/10/15,FE名古屋,大阪,717,700,73,87,第3節,0,0
2025-2026,2025,B1,2025/10/15,滋賀,琉球,698,701,92,86,第3節,0,0
2025-2026,2025,B1,2025/10/15,京都,広島,699,721,57,82,第3節,0,0
2025-2026,2025,B1,2025/10/15,島根,佐賀,720,1638,79,87,第3節,0,0
2025-2026,2025,B1,2025/10/15,長崎,三河,2488,728,107,82,第3節,0,0
2025-2026,2025,B1,2025/10/18,仙台,三遠,692,697,82,79,第4節,0,0
2025-2026,2025,B1,2025/10/18,千葉J,群馬,704,713,80,79,第4節,0,0
2025-2026,2025,B1,2025/10/18,滋賀,大阪,698,700,71,70,第4節,0,0
2025-2026,2025,B1,2025/10/18,広島,佐賀,721,1638,114,92,第4節,0,0
2025-2026,2025,B1,2025/10/18,越谷,京都,745,699,64,62,第4節,0,0
2025-2026,2025,B1,2025/10/18,A千葉,富山,2486,696,95,99,第4節,0,0
2025-2026,2025,B1,2025/10/18,川崎,名古屋D,727,729,72,86,第4節,0,0
2025-2026,2025,B1,2025/10/18,三河,宇都宮,728,703,82,90,第4節,0,0
2025-2026,2025,B1,2025/10/18,島根,横浜BC,720,694,81,66,第4節,0,0
2025-2026,2025,B1,2025/10/18,秋田,琉球,693,701,69,100,第4節,0,0
2025-2026,2025,B1,2025/10/18,北海道,FE名古屋,702,717,74,91,第4節,0,0
2025-2026,2025,B1,2025/10/18,A東京,茨城,706,712,81,68,第4節,0,0
2025-2026,2025,B1,2025/10/18,SR渋谷,長崎,726,2488,76,85,第4節,0,0
2025-2026,2025,B1,2025/10/19,北海道,FE名古屋,702,717,90,74,第4節,0,0
2025-2026,2025,B1,2025/10/19,仙台,三遠,692,697,87,86,第4節,0,0
2025-2026,2025,B1,2025/10/19,秋田,琉球,693,701,69,89,第4節,0,0
2025-2026,2025,B1,2025/10/19,滋賀,大阪,698,700,72,80,第4節,0,0
2025-2026,2025,B1,2025/10/19,島根,横浜BC,720,694,101,82,第4節,0,0
2025-2026,2025,B1,2025/10/19,広島,佐賀,721,1638,91,79,第4節,0,0
2025-2026,2025,B1,2025/10/19,越谷,京都,745,699,67,73,第4節,0,0
2025-2026,2025,B1,2025/10/19,A千葉,富山,2486,696,86,84,第4節,0,0
2025-2026,2025,B1,2025/10/19,川崎,名古屋D,727,729,73,90,第4節,0,0
2025-2026,2025,B1,2025/10/19,三河,宇都宮,728,703,92,98,第4節,0,0
2025-2026,2025,B1,2025/10/19,SR渋谷,長崎,726,2488,69,92,第4節,0,0
2025-2026,2025,B1,2025/10/19,A東京,茨城,706,712,94,84,第4節,0,0
2025-2026,2025,B1,2025/10/19,千葉J,群馬,704,713,84,70,第4節,0,0
2025-2026,2025,B1,2025/10/25,秋田,島根,693,720,93,101,第5節,0,0
2025-2026,2025,B1,2025/10/25,横浜BC,茨城,694,712,80,75,第5節,0,0
2025-2026,2025,B1,2025/10/25,佐賀,越谷,1638,745,78,94,第5節,0,0
2025-2026,2025,B1,2025/10/25,北海道,仙台,702,692,87,85,第5節,0,0
2025-2026,2025,B1,2025/10/25,宇都宮,滋賀,703,698,77,84,第5節,0,0
2025-2026,2025,B1,2025/10/25,富山,長崎,696,2488,71,91,第5節,0,0
2025-2026,2025,B1,2025/10/25,三遠,川崎,697,727,82,63,第5節,0,0
2025-2026,2025,B1,2025/10/25,三河,FE名古屋,728,717,80,75,第5節,0,0
2025-2026,2025,B1,2025/10/25,名古屋D,A千葉,729,2486,87,75,第5節,0,0
2025-2026,2025,B1,2025/10/25,京都,A東京,699,706,72,78,第5節,0,0
2025-2026,2025,B1,2025/10/25,大阪,広島,700,721,97,102,第5節,0,0
2025-2026,2025,B1,2025/10/25,琉球,群馬,701,713,83,89,第5節,0,0
2025-2026,2025,B1,2025/10/25,千葉J,SR渋谷,704,726,84,63,第5節,0,0
2025-2026,2025,B1,2025/10/26,北海道,仙台,702,692,97,95,第5節,0,0
2025-2026,2025,B1,2025/10/26,秋田,島根,693,720,76,79,第5節,0,0
2025-2026,2025,B1,2025/10/26,富山,長崎,696,2488,67,91,第5節,0,0
2025-2026,2025,B1,2025/10/26,京都,A東京,699,706,73,94,第5節,0,0
2025-2026,2025,B1,2025/10/26,佐賀,越谷,1638,745,76,73,第5節,0,0
2025-2026,2025,B1,2025/10/26,宇都宮,滋賀,703,698,97,79,第5節,0,0
2025-2026,2025,B1,2025/10/26,三遠,川崎,697,727,79,63,第5節,0,0
2025-2026,2025,B1,2025/10/26,三河,FE名古屋,728,717,89,73,第5節,0,0
2025-2026,2025,B1,2025/10/26,名古屋D,A千葉,729,2486,98,68,第5節,0,0
2025-2026,2025,B1,2025/10/26,大阪,広島,700,721,83,73,第5節,0,0
2025-2026,2025,B1,2025/10/26,横浜BC,茨城,694,712,81,69,第5節,0,0
2025-2026,2025,B1,2025/10/26,琉球,群馬,701,713,85,81,第5節,0,0
2025-2026,2025,B1,2025/10/26,千葉J,SR渋谷,704,726,95,72,第5節,0,0
2025-2026,2025,B1,2025/10/29,仙台,滋賀,692,698,76,79,第6節,0,0
2025-2026,2025,B1,2025/10/29,秋田,千葉J,693,704,50,69,第6節,0,0
2025-2026,2025,B1,2025/10/29,茨城,宇都宮,712,703,65,68,第6節,0,0
2025-2026,2025,B1,2025/10/29,群馬,川崎,713,727,79,83,第6節,0,0
2025-2026,2025,B1,2025/10/29,A千葉,A東京,2486,706,94,98,第6節,0,0
2025-2026,2025,B1,2025/10/29,SR渋谷,北海道,726,702,58,84,第6節,0,0
2025-2026,2025,B1,2025/10/29,横浜BC,広島,694,721,79,94,第6節,0,0
2025-2026,2025,B1,2025/10/29,富山,越谷,696,745,66,78,第6節,0,0
2025-2026,2025,B1,2025/10/29,三遠,佐賀,697,1638,73,85,第6節,0,0
2025-2026,2025,B1,2025/10/29,三河,琉球,728,701,82,77,第6節,0,0
2025-2026,2025,B1,2025/10/29,FE名古屋,名古屋D,717,729,76,84,第6節,0,0
2025-2026,2025,B1,2025/10/29,大阪,島根,700,720,78,82,第6節,0,0
2025-2026,2025,B1,2025/10/29,長崎,京都,2488,699,91,73,第6節,0,0
2025-2026,2025,B1,2025/11/01,仙台,SR渋谷,692,726,84,75,第7節,0,0
2025-2026,2025,B1,2025/11/01,滋賀,秋田,698,693,65,66,第7節,0,0
2025-2026,2025,B1,2025/11/01,大阪,北海道,700,702,84,69,第7節,0,0
2025-2026,2025,B1,2025/11/01,茨城,富山,712,696,88,83,第7節,0,0
2025-2026,2025,B1,2025/11/01,宇都宮,FE名古屋,703,717,93,81,第7節,0,0
2025-2026,2025,B1,2025/11/01,群馬,横浜BC,713,694,87,80,第7節,0,0
2025-2026,2025,B1,2025/11/01,越谷,琉球,745,701,65,68,第7節,0,0
2025-2026,2025,B1,2025/11/01,名古屋D,広島,729,721,75,64,第7節,0,0
2025-2026,2025,B1,2025/11/01,京都,三遠,699,697,82,70,第7節,0,0
2025-2026,2025,B1,2025/11/01,島根,A千葉,720,2486,69,66,第7節,0,0
2025-2026,2025,B1,2025/11/01,佐賀,三河,1638,728,67,92,第7節,0,0
2025-2026,2025,B1,2025/11/01,川崎,長崎,727,2488,71,93,第7節,0,0
2025-2026,2025,B1,2025/11/01,A東京,千葉J,706,704,78,69,第7節,0,0
2025-2026,2025,B1,2025/11/02,仙台,SR渋谷,692,726,85,64,第7節,0,0
2025-2026,2025,B1,2025/11/02,滋賀,秋田,698,693,89,73,第7節,0,0
2025-2026,2025,B1,2025/11/02,京都,三遠,699,697,61,71,第7節,0,0
2025-2026,2025,B1,2025/11/02,島根,A千葉,720,2486,68,62,第7節,0,0
2025-2026,2025,B1,2025/11/02,茨城,富山,712,696,86,96,第7節,0,0
2025-2026,2025,B1,2025/11/02,宇都宮,FE名古屋,703,717,88,78,第7節,0,0
2025-2026,2025,B1,2025/11/02,群馬,横浜BC,713,694,89,82,第7節,0,0
2025-2026,2025,B1,2025/11/02,越谷,琉球,745,701,59,77,第7節,0,0
2025-2026,2025,B1,2025/11/02,名古屋D,広島,729,721,100,69,第7節,0,0
2025-2026,2025,B1,2025/11/02,大阪,北海道,700,702,82,102,第7節,0,0
2025-2026,2025,B1,2025/11/02,川崎,長崎,727,2488,79,99,第7節,0,0
2025-2026,2025,B1,2025/11/02,佐賀,三河,1638,728,72,81,第7節,0,0
2025-2026,2025,B1,2025/11/02,A東京,千葉J,706,704,69,81,第7節,0,0
2025-2026,2025,B1,2025/11/05,秋田,名古屋D,693,729,58,88,第8節,0,0
2025-2026,2025,B1,2025/11/05,茨城,北海道,712,702,78,84,第8節,0,0
2025-2026,2025,B1,2025/11/05,宇都宮,横浜BC,703,694,86,76,第8節,0,0
2025-2026,2025,B1,2025/11/05,越谷,川崎,745,727,76,65,第8節,0,0
2025-2026,2025,B1,2025/11/05,A千葉,群馬,2486,713,79,88,第8節,0,0
2025-2026,2025,B1,2025/11/05,A東京,仙台,706,692,94,80,第8節,0,0
2025-2026,2025,B1,2025/11/05,SR渋谷,島根,726,720,77,74,第8節,0,0
2025-2026,2025,B1,2025/11/05,三河,千葉J,728,704,79,83,第8節,0,0
2025-2026,2025,B1,2025/11/05,FE名古屋,京都,717,699,81,77,第8節,0,0
2025-2026,2025,B1,2025/11/05,広島,三遠,721,697,84,72,第8節,0,0
2025-2026,2025,B1,2025/11/05,佐賀,滋賀,1638,698,77,83,第8節,0,0
2025-2026,2025,B1,2025/11/05,長崎,大阪,2488,700,100,96,第8節,0,0
2025-2026,2025,B1,2025/11/05,琉球,富山,701,696,91,81,第8節,0,0
2025-2026,2025,B1,2025/11/08,北海道,滋賀,702,698,95,83,第9節,0,0
2025-2026,2025,B1,2025/11/08,秋田,群馬,693,713,48,81,第9節,0,0
2025-2026,2025,B1,2025/11/08,横浜BC,富山,694,696,86,89,第9節,0,0
2025-2026,2025,B1,2025/11/08,広島,宇都宮,721,703,70,84,第9節,0,0
2025-2026,2025,B1,2025/11/08,佐賀,大阪,1638,700,87,82,第9節,0,0
2025-2026,2025,B1,2025/11/08,A千葉,川崎,2486,727,101,71,第9節,0,0
2025-2026,2025,B1,2025/11/08,三遠,琉球,697,701,69,92,第9節,0,0
2025-2026,2025,B1,2025/11/08,京都,茨城,699,712,87,80,第9節,0,0
2025-2026,2025,B1,2025/11/08,長崎,名古屋D,2488,729,91,96,第9節,0,0
2025-2026,2025,B1,2025/11/08,FE名古屋,越谷,717,745,85,69,第9節,0,0
2025-2026,2025,B1,2025/11/08,SR渋谷,A東京,726,706,83,66,第9節,0,0
2025-2026,2025,B1,2025/11/08,千葉J,島根,704,720,78,64,第9節,0,0
2025-2026,2025,B1,2025/11/09,三遠,琉球,697,701,83,81,第9節,0,0
2025-2026,2025,B1,2025/11/09,北海道,滋賀,702,698,108,99,第9節,0,0
2025-2026,2025,B1,2025/11/09,秋田,群馬,693,713,55,76,第9節,0,0
2025-2026,2025,B1,2025/11/09,SR渋谷,A東京,726,706,90,91,第9節,0,0
2025-2026,2025,B1,2025/11/09,横浜BC,富山,694,696,107,94,第9節,0,0
2025-2026,2025,B1,2025/11/09,京都,茨城,699,712,73,62,第9節,0,0
2025-2026,2025,B1,2025/11/09,広島,宇都宮,721,703,103,76,第9節,0,0
2025-2026,2025,B1,2025/11/09,佐賀,大阪,1638,700,81,83,第9節,0,0
2025-2026,2025,B1,2025/11/09,A千葉,川崎,2486,727,88,76,第9節,0,0
2025-2026,2025,B1,2025/11/09,三河,仙台,728,692,101,72,第9節,0,0
2025-2026,2025,B1,2025/11/09,長崎,名古屋D,2488,729,95,87,第9節,0,0
2025-2026,2025,B1,2025/11/09,FE名古屋,越谷,717,745,64,82,第9節,0,0
2025-2026,2025,B1,2025/11/09,千葉J,島根,704,720,96,82,第9節,0,0
2025-2026,2025,B1,2025/11/10,三河,仙台,728,692,80,74,第9節,0,0
2025-2026,2025,B1,2025/11/12,北海道,佐賀,702,1638,95,93,第10節,0,0
2025-2026,2025,B1,2025/11/12,仙台,A千葉,692,2486,95,86,第10節,0,0
2025-2026,2025,B1,2025/11/12,秋田,横浜BC,693,694,75,65,第10節,0,0
2025-2026,2025,B1,2025/11/12,群馬,茨城,713,712,94,70,第10節,0,0
2025-2026,2025,B1,2025/11/12,越谷,千葉J,745,704,89,90,第10節,0,0
2025-2026,2025,B1,2025/11/12,A東京,宇都宮,706,703,67,65,第10節,0,0
2025-2026,2025,B1,2025/11/12,川崎,SR渋谷,727,726,60,74,第10節,0,0
2025-2026,2025,B1,2025/11/12,富山,島根,696,720,83,115,第10節,0,0
2025-2026,2025,B1,2025/11/12,三遠,長崎,697,2488,80,86,第10節,0,0
2025-2026,2025,B1,2025/11/12,名古屋D,京都,729,699,72,52,第10節,0,0
2025-2026,2025,B1,2025/11/12,滋賀,FE名古屋,698,717,69,92,第10節,0,0
2025-2026,2025,B1,2025/11/12,大阪,琉球,700,701,86,93,第10節,0,0
2025-2026,2025,B1,2025/11/12,広島,三河,721,728,84,88,第10節,0,0
2025-2026,2025,B1,2025/11/15,仙台,広島,692,721,49,88,第11節,0,0
2025-2026,2025,B1,2025/11/15,宇都宮,千葉J,703,704,84,66,第11節,0,0
2025-2026,2025,B1,2025/11/15,横浜BC,滋賀,694,698,89,80,第11節,0,0
2025-2026,2025,B1,2025/11/15,越谷,三遠,745,697,83,75,第11節,0,0
2025-2026,2025,B1,2025/11/15,A千葉,三河,2486,728,86,89,第11節,0,0
2025-2026,2025,B1,2025/11/15,A東京,名古屋D,706,729,58,79,第11節,0,0
2025-2026,2025,B1,2025/11/15,川崎,茨城,727,712,72,77,第11節,0,0
2025-2026,2025,B1,2025/11/15,富山,大阪,696,700,97,102,第11節,0,0
2025-2026,2025,B1,2025/11/15,島根,北海道,720,702,89,91,第11節,0,0
2025-2026,2025,B1,2025/11/15,FE名古屋,群馬,717,713,67,73,第11節,0,0
2025-2026,2025,B1,2025/11/15,SR渋谷,佐賀,726,1638,70,86,第11節,0,0
2025-2026,2025,B1,2025/11/15,長崎,秋田,2488,693,91,70,第11節,0,0
2025-2026,2025,B1,2025/11/15,琉球,京都,701,699,91,76,第11節,0,0
2025-2026,2025,B1,2025/11/16,宇都宮,千葉J,703,704,89,69,第11節,0,0
2025-2026,2025,B1,2025/11/16,仙台,広島,692,721,80,85,第11節,0,0
2025-2026,2025,B1,2025/11/16,SR渋谷,佐賀,726,1638,94,73,第11節,0,0
2025-2026,2025,B1,2025/11/16,横浜BC,滋賀,694,698,68,91,第11節,0,0
2025-2026,2025,B1,2025/11/16,富山,大阪,696,700,92,97,第11節,0,0
2025-2026,2025,B1,2025/11/16,島根,北海道,720,702,81,97,第11節,0,0
2025-2026,2025,B1,2025/11/16,越谷,三遠,745,697,83,80,第11節,0,0
2025-2026,2025,B1,2025/11/16,A千葉,三河,2486,728,68,70,第11節,0,0
2025-2026,2025,B1,2025/11/16,川崎,茨城,727,712,80,74,第11節,0,0
2025-2026,2025,B1,2025/11/16,FE名古屋,群馬,717,713,78,103,第11節,0,0
2025-2026,2025,B1,2025/11/16,A東京,名古屋D,706,729,66,74,第11節,0,0
2025-2026,2025,B1,2025/11/16,長崎,秋田,2488,693,97,61,第11節,0,0
2025-2026,2025,B1,2025/11/16,琉球,京都,701,699,85,71,第11節,0,0
2025-2026,2025,B1,2025/12/05,三河,滋賀,728,698,98,82,第12節,0,0
2025-2026,2025,B1,2025/12/06,仙台,FE名古屋,692,717,74,67,第12節,0,0
2025-2026,2025,B1,2025/12/06,千葉J,名古屋D,704,729,73,75,第12節,0,0
2025-2026,2025,B1,2025/12/06,大阪,A千葉,700,2486,80,76,第12節,0,0
2025-2026,2025,B1,2025/12/06,広島,琉球,721,701,72,81,第12節,0,0
2025-2026,2025,B1,2025/12/06,佐賀,A東京,1638,706,91,64,第12節,0,0
2025-2026,2025,B1,2025/12/06,茨城,横浜BC,712,694,66,68,第12節,0,0
2025-2026,2025,B1,2025/12/06,宇都宮,秋田,703,693,84,78,第12節,0,0
2025-2026,2025,B1,2025/12/06,富山,群馬,696,713,74,89,第12節,0,0
2025-2026,2025,B1,2025/12/06,三遠,島根,697,720,92,93,第12節,0,0
2025-2026,2025,B1,2025/12/06,三河,滋賀,728,698,105,80,第12節,0,0
2025-2026,2025,B1,2025/12/06,京都,川崎,699,727,78,65,第12節,0,0
2025-2026,2025,B1,2025/12/06,SR渋谷,北海道,726,702,77,80,第12節,0,0
2025-2026,2025,B1,2025/12/06,長崎,越谷,2488,745,91,58,第12節,0,0
2025-2026,2025,B1,2025/12/07,仙台,FE名古屋,692,717,57,70,第12節,0,0
2025-2026,2025,B1,2025/12/07,千葉J,名古屋D,704,729,87,86,第12節,0,0
2025-2026,2025,B1,2025/12/07,SR渋谷,北海道,726,702,94,100,第12節,0,0
2025-2026,2025,B1,2025/12/07,富山,群馬,696,713,91,82,第12節,0,0
2025-2026,2025,B1,2025/12/07,京都,川崎,699,727,77,80,第12節,0,0
2025-2026,2025,B1,2025/12/07,大阪,A千葉,700,2486,68,93,第12節,0,0
2025-2026,2025,B1,2025/12/07,広島,琉球,721,701,68,74,第12節,0,0
2025-2026,2025,B1,2025/12/07,佐賀,A東京,1638,706,90,77,第12節,0,0
2025-2026,2025,B1,2025/12/07,茨城,横浜BC,712,694,77,92,第12節,0,0
2025-2026,2025,B1,2025/12/07,宇都宮,秋田,703,693,86,81,第12節,0,0
2025-2026,2025,B1,2025/12/07,三遠,島根,697,720,99,92,第12節,0,0
2025-2026,2025,B1,2025/12/07,長崎,越谷,2488,745,99,76,第12節,0,0
2025-2026,2025,B1,2025/12/10,秋田,仙台,693,692,65,92,第13節,0,0
2025-2026,2025,B1,2025/12/10,群馬,SR渋谷,713,726,94,92,第13節,0,0
2025-2026,2025,B1,2025/12/10,越谷,茨城,745,712,88,72,第13節,0,0
2025-2026,2025,B1,2025/12/10,A千葉,北海道,2486,702,73,94,第13節,0,0
2025-2026,2025,B1,2025/12/10,千葉J,川崎,704,727,88,69,第13節,0,0
2025-2026,2025,B1,2025/12/10,A東京,横浜BC,706,694,74,67,第13節,0,0
2025-2026,2025,B1,2025/12/10,三遠,滋賀,697,698,93,83,第13節,0,0
2025-2026,2025,B1,2025/12/10,三河,佐賀,728,1638,78,67,第13節,0,0
2025-2026,2025,B1,2025/12/10,FE名古屋,富山,717,696,90,71,第13節,0,0
2025-2026,2025,B1,2025/12/10,京都,島根,699,720,57,81,第13節,0,0
2025-2026,2025,B1,2025/12/10,大阪,宇都宮,700,703,76,86,第13節,0,0
2025-2026,2025,B1,2025/12/10,広島,長崎,721,2488,74,105,第13節,0,0
2025-2026,2025,B1,2025/12/10,琉球,名古屋D,701,729,60,73,第13節,0,0
2025-2026,2025,B1,2025/12/13,名古屋D,茨城,729,712,82,68,第14節,0,0
2025-2026,2025,B1,2025/12/13,仙台,京都,692,699,81,58,第14節,0,0
2025-2026,2025,B1,2025/12/13,秋田,三河,693,728,67,79,第14節,0,0
2025-2026,2025,B1,2025/12/13,横浜BC,大阪,694,700,87,80,第14節,0,0
2025-2026,2025,B1,2025/12/13,滋賀,長崎,698,2488,82,107,第14節,0,0
2025-2026,2025,B1,2025/12/13,佐賀,琉球,1638,701,72,95,第14節,0,0
2025-2026,2025,B1,2025/12/13,北海道,富山,702,696,109,85,第14節,0,0
2025-2026,2025,B1,2025/12/13,宇都宮,三遠,703,697,95,90,第14節,0,0
2025-2026,2025,B1,2025/12/13,群馬,越谷,713,745,87,54,第14節,0,0
2025-2026,2025,B1,2025/12/13,島根,広島,720,721,71,73,第14節,0,0
2025-2026,2025,B1,2025/12/13,FE名古屋,A千葉,717,2486,93,77,第14節,0,0
2025-2026,2025,B1,2025/12/13,SR渋谷,千葉J,726,704,69,93,第14節,0,0
2025-2026,2025,B1,2025/12/13,川崎,A東京,727,706,82,92,第14節,0,0
2025-2026,2025,B1,2025/12/14,名古屋D,茨城,729,712,89,68,第14節,0,0
2025-2026,2025,B1,2025/12/14,北海道,富山,702,696,88,87,第14節,0,0
2025-2026,2025,B1,2025/12/14,仙台,京都,692,699,94,65,第14節,0,0
2025-2026,2025,B1,2025/12/14,秋田,三河,693,728,89,85,第14節,0,0
2025-2026,2025,B1,2025/12/14,SR渋谷,千葉J,726,704,70,80,第14節,0,0
2025-2026,2025,B1,2025/12/14,横浜BC,大阪,694,700,63,71,第14節,0,0
2025-2026,2025,B1,2025/12/14,滋賀,長崎,698,2488,84,106,第14節,0,0
2025-2026,2025,B1,2025/12/14,佐賀,琉球,1638,701,77,102,第14節,0,0
2025-2026,2025,B1,2025/12/14,宇都宮,三遠,703,697,79,93,第14節,0,0
2025-2026,2025,B1,2025/12/14,群馬,越谷,713,745,93,69,第14節,0,0
2025-2026,2025,B1,2025/12/14,川崎,A東京,727,706,67,93,第14節,0,0
2025-2026,2025,B1,2025/12/14,島根,広島,720,721,96,88,第14節,0,0
2025-2026,2025,B1,2025/12/14,FE名古屋,A千葉,717,2486,101,105,第14節,0,0
2025-2026,2025,B1,2025/12/19,川崎,島根,727,720,79,68,第15節,0,0
2025-2026,2025,B1,2025/12/20,千葉J,京都,704,699,81,52,第15節,0,0
2025-2026,2025,B1,2025/12/20,滋賀,越谷,698,745,80,73,第15節,0,0
2025-2026,2025,B1,2025/12/20,大阪,仙台,700,692,68,86,第15節,0,0
2025-2026,2025,B1,2025/12/20,佐賀,横浜BC,1638,694,79,64,第15節,0,0
2025-2026,2025,B1,2025/12/20,茨城,秋田,712,693,81,70,第15節,0,0
2025-2026,2025,B1,2025/12/20,群馬,広島,713,721,65,88,第15節,0,0
2025-2026,2025,B1,2025/12/20,A千葉,宇都宮,2486,703,82,96,第15節,0,0
2025-2026,2025,B1,2025/12/20,A東京,北海道,706,702,81,59,第15節,0,0
2025-2026,2025,B1,2025/12/20,富山,琉球,696,701,90,80,第15節,0,0
2025-2026,2025,B1,2025/12/20,三遠,三河,697,728,94,109,第15節,0,0
2025-2026,2025,B1,2025/12/20,名古屋D,FE名古屋,729,717,78,80,第15節,0,0
2025-2026,2025,B1,2025/12/20,川崎,島根,727,720,69,72,第15節,0,0
2025-2026,2025,B1,2025/12/20,長崎,SR渋谷,2488,726,102,70,第15節,0,0
2025-2026,2025,B1,2025/12/21,千葉J,京都,704,699,89,60,第15節,0,0
2025-2026,2025,B1,2025/12/21,富山,琉球,696,701,78,81,第15節,0,0
2025-2026,2025,B1,2025/12/21,滋賀,越谷,698,745,83,80,第15節,0,0
2025-2026,2025,B1,2025/12/21,大阪,仙台,700,692,73,75,第15節,0,0
2025-2026,2025,B1,2025/12/21,佐賀,横浜BC,1638,694,90,74,第15節,0,0
2025-2026,2025,B1,2025/12/21,茨城,秋田,712,693,69,57,第15節,0,0
2025-2026,2025,B1,2025/12/21,群馬,広島,713,721,76,83,第15節,0,0
2025-2026,2025,B1,2025/12/21,A千葉,宇都宮,2486,703,83,96,第15節,0,0
2025-2026,2025,B1,2025/12/21,A東京,北海道,706,702,84,80,第15節,0,0
2025-2026,2025,B1,2025/12/21,三遠,三河,697,728,69,83,第15節,0,0
2025-2026,2025,B1,2025/12/21,名古屋D,FE名古屋,729,717,83,87,第15節,0,0
2025-2026,2025,B1,2025/12/21,長崎,SR渋谷,2488,726,85,71,第15節,0,0
2025-2026,2025,B1,2025/12/24,北海道,秋田,702,693,90,79,第16節,0,0
2025-2026,2025,B1,2025/12/24,茨城,A千葉,712,2486,81,71,第16節,0,0
2025-2026,2025,B1,2025/12/24,宇都宮,SR渋谷,703,726,91,78,第16節,0,0
2025-2026,2025,B1,2025/12/24,越谷,仙台,745,692,90,83,第16節,0,0
2025-2026,2025,B1,2025/12/24,横浜BC,千葉J,694,704,81,106,第16節,0,0
2025-2026,2025,B1,2025/12/24,富山,三遠,696,697,77,110,第16節,0,0
2025-2026,2025,B1,2025/12/24,三河,大阪,728,700,80,70,第16節,0,0
2025-2026,2025,B1,2025/12/24,FE名古屋,A東京,717,706,78,92,第16節,0,0
2025-2026,2025,B1,2025/12/24,名古屋D,佐賀,729,1638,75,86,第16節,0,0
2025-2026,2025,B1,2025/12/24,京都,群馬,699,713,67,64,第16節,0,0
2025-2026,2025,B1,2025/12/24,島根,長崎,720,2488,101,93,第16節,0,0
2025-2026,2025,B1,2025/12/24,広島,滋賀,721,698,105,90,第16節,0,0
2025-2026,2025,B1,2025/12/24,琉球,川崎,701,727,90,96,第16節,0,0
2025-2026,2025,B1,2025/12/26,川崎,佐賀,727,1638,73,82,第17節,0,0
2025-2026,2025,B1,2025/12/27,長崎,千葉J,2488,704,86,79,第17節,0,0
2025-2026,2025,B1,2025/12/27,島根,名古屋D,720,729,67,92,第17節,0,0
2025-2026,2025,B1,2025/12/27,琉球,仙台,701,692,72,80,第17節,0,0
2025-2026,2025,B1,2025/12/27,北海道,京都,702,699,96,62,第17節,0,0
2025-2026,2025,B1,2025/12/27,秋田,FE名古屋,693,717,89,73,第17節,0,0
2025-2026,2025,B1,2025/12/27,横浜BC,A千葉,694,2486,80,69,第17節,0,0
2025-2026,2025,B1,2025/12/27,広島,茨城,721,712,72,87,第17節,0,0
2025-2026,2025,B1,2025/12/27,群馬,三遠,713,697,96,69,第17節,0,0
2025-2026,2025,B1,2025/12/27,三河,A東京,728,706,73,82,第17節,0,0
2025-2026,2025,B1,2025/12/27,川崎,佐賀,727,1638,84,91,第17節,0,0
2025-2026,2025,B1,2025/12/27,越谷,宇都宮,745,703,61,86,第17節,0,0
2025-2026,2025,B1,2025/12/27,SR渋谷,大阪,726,700,73,65,第17節,0,0
2025-2026,2025,B1,2025/12/27,滋賀,富山,698,696,99,100,第17節,0,0
2025-2026,2025,B1,2025/12/28,琉球,仙台,701,692,66,85,第17節,0,0
2025-2026,2025,B1,2025/12/28,北海道,京都,702,699,99,92,第17節,0,0
2025-2026,2025,B1,2025/12/28,秋田,FE名古屋,693,717,87,104,第17節,0,0
2025-2026,2025,B1,2025/12/28,SR渋谷,大阪,726,700,51,78,第17節,0,0
2025-2026,2025,B1,2025/12/28,横浜BC,A千葉,694,2486,86,60,第17節,0,0
2025-2026,2025,B1,2025/12/28,滋賀,富山,698,696,71,79,第17節,0,0
2025-2026,2025,B1,2025/12/28,島根,名古屋D,720,729,97,88,第17節,0,0
2025-2026,2025,B1,2025/12/28,広島,茨城,721,712,98,88,第17節,0,0
2025-2026,2025,B1,2025/12/28,長崎,千葉J,2488,704,93,77,第17節,0,0
2025-2026,2025,B1,2025/12/28,群馬,三遠,713,697,91,71,第17節,0,0
2025-2026,2025,B1,2025/12/28,越谷,宇都宮,745,703,67,80,第17節,0,0
2025-2026,2025,B1,2025/12/28,三河,A東京,728,706,79,82,第17節,0,0
2025-2026,2025,B1,2026/01/03,琉球,三河,701,728,86,65,第18節,0,0
2025-2026,2025,B1,2026/01/03,仙台,宇都宮,692,703,92,75,第18節,0,0
2025-2026,2025,B1,2026/01/03,千葉J,富山,704,696,79,72,第18節,0,0
2025-2026,2025,B1,2026/01/03,大阪,越谷,700,745,86,56,第18節,0,0
2025-2026,2025,B1,2026/01/03,佐賀,群馬,1638,713,84,78,第18節,0,0
2025-2026,2025,B1,2026/01/03,A千葉,島根,2486,720,65,82,第18節,0,0
2025-2026,2025,B1,2026/01/03,A東京,広島,706,721,79,87,第18節,0,0
2025-2026,2025,B1,2026/01/03,三遠,秋田,697,693,85,70,第18節,0,0
2025-2026,2025,B1,2026/01/03,京都,名古屋D,699,729,69,83,第18節,0,0
2025-2026,2025,B1,2026/01/03,長崎,横浜BC,2488,694,100,85,第18節,0,0
2025-2026,2025,B1,2026/01/03,SR渋谷,FE名古屋,726,717,89,78,第18節,0,0
2025-2026,2025,B1,2026/01/03,川崎,北海道,727,702,77,83,第18節,0,0
2025-2026,2025,B1,2026/01/03,滋賀,茨城,698,712,71,90,第18節,0,0
2025-2026,2025,B1,2026/01/04,琉球,三河,701,728,65,75,第18節,0,0
2025-2026,2025,B1,2026/01/04,仙台,宇都宮,692,703,63,93,第18節,0,0
2025-2026,2025,B1,2026/01/04,千葉J,富山,704,696,88,73,第18節,0,0
2025-2026,2025,B1,2026/01/04,SR渋谷,FE名古屋,726,717,95,80,第18節,0,0
2025-2026,2025,B1,2026/01/04,滋賀,茨城,698,712,61,88,第18節,0,0
2025-2026,2025,B1,2026/01/04,京都,名古屋D,699,729,60,91,第18節,0,0
2025-2026,2025,B1,2026/01/04,大阪,越谷,700,745,76,58,第18節,0,0
2025-2026,2025,B1,2026/01/04,佐賀,群馬,1638,713,51,81,第18節,0,0
2025-2026,2025,B1,2026/01/04,A千葉,島根,2486,720,83,78,第18節,0,0
2025-2026,2025,B1,2026/01/04,A東京,広島,706,721,95,72,第18節,0,0
2025-2026,2025,B1,2026/01/04,川崎,北海道,727,702,79,69,第18節,0,0
2025-2026,2025,B1,2026/01/04,三遠,秋田,697,693,85,72,第18節,0,0
2025-2026,2025,B1,2026/01/04,長崎,横浜BC,2488,694,91,78,第18節,0,0
2025-2026,2025,B1,2026/01/24,大阪,A東京,700,706,76,91,第19節,0,0
2025-2026,2025,B1,2026/01/24,名古屋D,三河,729,728,83,78,第19節,0,0
2025-2026,2025,B1,2026/01/24,富山,SR渋谷,696,726,75,78,第19節,0,0
2025-2026,2025,B1,2026/01/24,秋田,川崎,693,727,89,98,第19節,0,0
2025-2026,2025,B1,2026/01/24,千葉J,琉球,704,701,61,92,第19節,0,0
2025-2026,2025,B1,2026/01/24,茨城,越谷,712,745,81,83,第19節,0,0
2025-2026,2025,B1,2026/01/24,宇都宮,北海道,703,702,77,95,第19節,0,0
2025-2026,2025,B1,2026/01/24,群馬,滋賀,713,698,92,76,第19節,0,0
2025-2026,2025,B1,2026/01/24,A千葉,佐賀,2486,1638,73,85,第19節,0,0
2025-2026,2025,B1,2026/01/24,三遠,長崎,697,2488,70,95,第19節,0,0
2025-2026,2025,B1,2026/01/24,京都,横浜BC,699,694,76,63,第19節,0,0
2025-2026,2025,B1,2026/01/24,島根,仙台,720,692,76,82,第19節,0,0
2025-2026,2025,B1,2026/01/24,FE名古屋,広島,717,721,91,89,第19節,0,0
2025-2026,2025,B1,2026/01/25,大阪,A東京,700,706,88,105,第19節,0,0
2025-2026,2025,B1,2026/01/25,名古屋D,三河,729,728,77,62,第19節,0,0
2025-2026,2025,B1,2026/01/25,秋田,川崎,693,727,97,77,第19節,0,0
2025-2026,2025,B1,2026/01/25,千葉J,琉球,704,701,63,65,第19節,0,0
2025-2026,2025,B1,2026/01/25,富山,SR渋谷,696,726,79,89,第19節,0,0
2025-2026,2025,B1,2026/01/25,京都,横浜BC,699,694,82,71,第19節,0,0
2025-2026,2025,B1,2026/01/25,島根,仙台,720,692,78,83,第19節,0,0
2025-2026,2025,B1,2026/01/25,茨城,越谷,712,745,81,88,第19節,0,0
2025-2026,2025,B1,2026/01/25,宇都宮,北海道,703,702,108,106,第19節,0,0
2025-2026,2025,B1,2026/01/25,群馬,滋賀,713,698,92,76,第19節,0,0
2025-2026,2025,B1,2026/01/25,A千葉,佐賀,2486,1638,73,79,第19節,0,0
2025-2026,2025,B1,2026/01/25,三遠,長崎,697,2488,95,87,第19節,0,0
2025-2026,2025,B1,2026/01/25,FE名古屋,広島,717,721,74,77,第19節,0,0
2025-2026,2025,B1,2026/01/28,北海道,群馬,702,713,87,84,第20節,0,0
2025-2026,2025,B1,2026/01/28,仙台,川崎,692,727,89,81,第20節,0,0
2025-2026,2025,B1,2026/01/28,秋田,A東京,693,706,74,98,第20節,0,0
2025-2026,2025,B1,2026/01/28,越谷,横浜BC,745,694,63,92,第20節,0,0
2025-2026,2025,B1,2026/01/28,A千葉,三遠,2486,697,68,77,第20節,0,0
2025-2026,2025,B1,2026/01/28,千葉J,宇都宮,704,703,79,72,第20節,0,0
2025-2026,2025,B1,2026/01/28,SR渋谷,茨城,726,712,77,66,第20節,0,0
2025-2026,2025,B1,2026/01/28,三河,長崎,728,2488,87,85,第20節,0,0
2025-2026,2025,B1,2026/01/28,名古屋D,富山,729,696,91,87,第20節,0,0
2025-2026,2025,B1,2026/01/28,大阪,FE名古屋,700,717,94,89,第20節,0,0
2025-2026,2025,B1,2026/01/28,広島,京都,721,699,106,79,第20節,0,0
2025-2026,2025,B1,2026/01/28,佐賀,島根,1638,720,95,88,第20節,0,0
2025-2026,2025,B1,2026/01/28,琉球,滋賀,701,698,90,74,第20節,0,0
2025-2026,2025,B1,2026/01/31,仙台,A千葉,692,2486,71,80,第21節,0,0
2025-2026,2025,B1,2026/01/31,北海道,越谷,702,745,88,81,第21節,0,0
2025-2026,2025,B1,2026/01/31,秋田,大阪,693,700,80,93,第21節,0,0
2025-2026,2025,B1,2026/01/31,横浜BC,名古屋D,694,729,75,95,第21節,0,0
2025-2026,2025,B1,2026/01/31,滋賀,三遠,698,697,81,93,第21節,0,0
2025-2026,2025,B1,2026/01/31,佐賀,千葉J,1638,704,83,79,第21節,0,0
2025-2026,2025,B1,2026/01/31,長崎,広島,2488,721,84,71,第21節,0,0
2025-2026,2025,B1,2026/01/31,茨城,三河,712,728,64,90,第21節,0,0
2025-2026,2025,B1,2026/01/31,宇都宮,群馬,703,713,71,67,第21節,0,0
2025-2026,2025,B1,2026/01/31,京都,島根,699,720,64,65,第21節,0,0
2025-2026,2025,B1,2026/01/31,FE名古屋,琉球,717,701,85,88,第21節,0,0
2025-2026,2025,B1,2026/01/31,A東京,富山,706,696,75,66,第21節,0,0
2025-2026,2025,B1,2026/01/31,川崎,SR渋谷,727,726,81,79,第21節,0,0
2025-2026,2025,B1,2026/02/01,北海道,越谷,702,745,80,81,第21節,0,0
2025-2026,2025,B1,2026/02/01,仙台,A千葉,692,2486,94,81,第21節,0,0
2025-2026,2025,B1,2026/02/01,秋田,大阪,693,700,77,76,第21節,0,0
2025-2026,2025,B1,2026/02/01,横浜BC,名古屋D,694,729,80,70,第21節,0,0
2025-2026,2025,B1,2026/02/01,滋賀,三遠,698,697,76,73,第21節,0,0
2025-2026,2025,B1,2026/02/01,京都,島根,699,720,72,85,第21節,0,0
2025-2026,2025,B1,2026/02/01,佐賀,千葉J,1638,704,76,95,第21節,0,0
2025-2026,2025,B1,2026/02/01,茨城,三河,712,728,64,97,第21節,0,0
2025-2026,2025,B1,2026/02/01,宇都宮,群馬,703,713,70,81,第21節,0,0
2025-2026,2025,B1,2026/02/01,A東京,富山,706,696,70,69,第21節,0,0
2025-2026,2025,B1,2026/02/01,長崎,広島,2488,721,98,74,第21節,0,0
2025-2026,2025,B1,2026/02/01,FE名古屋,琉球,717,701,73,61,第21節,0,0
2025-2026,2025,B1,2026/02/01,川崎,SR渋谷,727,726,58,73,第21節,0,0
2025-2026,2025,B1,2026/02/06,宇都宮,長崎,703,2488,89,74,第22節,0,0
2025-2026,2025,B1,2026/02/07,北海道,三河,702,728,75,97,第22節,0,0
2025-2026,2025,B1,2026/02/07,千葉J,A東京,704,706,73,75,第22節,0,0
2025-2026,2025,B1,2026/02/07,島根,滋賀,720,698,61,86,第22節,0,0
2025-2026,2025,B1,2026/02/07,広島,秋田,721,693,101,92,第22節,0,0
2025-2026,2025,B1,2026/02/07,茨城,FE名古屋,712,717,68,76,第22節,0,0
2025-2026,2025,B1,2026/02/07,群馬,大阪,713,700,81,65,第22節,0,0
2025-2026,2025,B1,2026/02/07,越谷,仙台,745,692,87,79,第22節,0,0
2025-2026,2025,B1,2026/02/07,川崎,琉球,727,701,55,82,第22節,0,0
2025-2026,2025,B1,2026/02/07,富山,佐賀,696,1638,67,92,第22節,0,0
2025-2026,2025,B1,2026/02/07,三遠,横浜BC,697,694,88,74,第22節,0,0
2025-2026,2025,B1,2026/02/07,名古屋D,SR渋谷,729,726,72,62,第22節,0,0
2025-2026,2025,B1,2026/02/07,京都,A千葉,699,2486,80,91,第22節,0,0
2025-2026,2025,B1,2026/02/07,宇都宮,長崎,703,2488,75,105,第22節,0,0
2025-2026,2025,B1,2026/02/08,北海道,三河,702,728,91,95,第22節,0,0
2025-2026,2025,B1,2026/02/08,千葉J,A東京,704,706,72,64,第22節,0,0
2025-2026,2025,B1,2026/02/08,富山,佐賀,696,1638,69,91,第22節,0,0
2025-2026,2025,B1,2026/02/08,京都,A千葉,699,2486,65,82,第22節,0,0
2025-2026,2025,B1,2026/02/08,島根,滋賀,720,698,80,72,第22節,0,0
2025-2026,2025,B1,2026/02/08,広島,秋田,721,693,79,69,第22節,0,0
2025-2026,2025,B1,2026/02/08,茨城,FE名古屋,712,717,80,75,第22節,0,0
2025-2026,2025,B1,2026/02/08,群馬,大阪,713,700,84,68,第22節,0,0
2025-2026,2025,B1,2026/02/08,越谷,仙台,745,692,67,76,第22節,0,0
2025-2026,2025,B1,2026/02/08,川崎,琉球,727,701,66,77,第22節,0,0
2025-2026,2025,B1,2026/02/08,三遠,横浜BC,697,694,78,72,第22節,0,0
2025-2026,2025,B1,2026/02/08,名古屋D,SR渋谷,729,726,84,59,第22節,0,0
2025-2026,2025,B1,2026/02/14,島根,三河,720,728,87,68,第23節,0,0
2025-2026,2025,B1,2026/02/14,仙台,名古屋D,692,729,91,96,第23節,0,0
2025-2026,2025,B1,2026/02/14,秋田,茨城,693,712,53,71,第23節,0,0
2025-2026,2025,B1,2026/02/14,滋賀,広島,698,721,81,94,第23節,0,0
2025-2026,2025,B1,2026/02/14,宇都宮,川崎,703,727,93,86,第23節,0,0
2025-2026,2025,B1,2026/02/14,群馬,長崎,713,2488,80,97,第23節,0,0
2025-2026,2025,B1,2026/02/14,越谷,SR渋谷,745,726,93,75,第23節,0,0
2025-2026,2025,B1,2026/02/14,A千葉,琉球,2486,701,85,87,第23節,0,0
2025-2026,2025,B1,2026/02/14,富山,北海道,696,702,98,101,第23節,0,0
2025-2026,2025,B1,2026/02/14,三遠,千葉J,697,704,92,81,第23節,0,0
2025-2026,2025,B1,2026/02/14,FE名古屋,横浜BC,717,694,85,86,第23節,0,0
2025-2026,2025,B1,2026/02/14,A東京,佐賀,706,1638,78,71,第23節,0,0
2025-2026,2025,B1,2026/02/14,大阪,京都,700,699,64,71,第23節,0,0
2025-2026,2025,B1,2026/03/07,大阪,千葉J,700,704,82,90,第24節,0,0
2025-2026,2025,B1,2026/03/07,秋田,A千葉,693,2486,98,101,第24節,0,0
2025-2026,2025,B1,2026/03/07,広島,越谷,721,745,92,89,第24節,0,0
2025-2026,2025,B1,2026/03/07,佐賀,宇都宮,1638,703,87,90,第24節,0,0
2025-2026,2025,B1,2026/03/07,茨城,名古屋D,712,729,69,97,第24節,0,0
2025-2026,2025,B1,2026/03/07,群馬,京都,713,699,65,67,第24節,0,0
2025-2026,2025,B1,2026/03/07,三河,富山,728,696,83,70,第24節,0,0
2025-2026,2025,B1,2026/03/07,FE名古屋,三遠,717,697,91,95,第24節,0,0
2025-2026,2025,B1,2026/03/07,川崎,滋賀,727,698,84,72,第24節,0,0
2025-2026,2025,B1,2026/03/07,横浜BC,北海道,694,702,98,100,第24節,0,0
2025-2026,2025,B1,2026/03/07,長崎,A東京,2488,706,78,93,第24節,0,0
2025-2026,2025,B1,2026/03/07,琉球,島根,701,720,81,78,第24節,0,0
2025-2026,2025,B1,2026/03/08,大阪,千葉J,700,704,78,94,第24節,0,0
2025-2026,2025,B1,2026/03/08,秋田,A千葉,693,2486,74,85,第24節,0,0
2025-2026,2025,B1,2026/03/08,横浜BC,北海道,694,702,72,92,第24節,0,0
2025-2026,2025,B1,2026/03/08,広島,越谷,721,745,99,65,第24節,0,0
2025-2026,2025,B1,2026/03/08,佐賀,宇都宮,1638,703,82,87,第24節,0,0
2025-2026,2025,B1,2026/03/08,茨城,名古屋D,712,729,69,72,第24節,0,0
2025-2026,2025,B1,2026/03/08,群馬,京都,713,699,92,68,第24節,0,0
2025-2026,2025,B1,2026/03/08,川崎,滋賀,727,698,56,79,第24節,0,0
2025-2026,2025,B1,2026/03/08,三河,富山,728,696,103,69,第24節,0,0
2025-2026,2025,B1,2026/03/08,FE名古屋,三遠,717,697,69,91,第24節,0,0
2025-2026,2025,B1,2026/03/08,SR渋谷,仙台,726,692,92,82,第24節,0,0
2025-2026,2025,B1,2026/03/08,長崎,A東京,2488,706,70,91,第24節,0,0
2025-2026,2025,B1,2026/03/08,琉球,島根,701,720,80,64,第24節,0,0
2025-2026,2025,B1,2026/03/09,SR渋谷,仙台,726,692,85,97,第24節,0,0
2025-2026,2025,B1,2026/03/11,北海道,SR渋谷,702,726,84,90,第25節,0,0
2025-2026,2025,B1,2026/03/11,宇都宮,茨城,703,712,90,84,第25節,0,0
2025-2026,2025,B1,2026/03/11,越谷,富山,745,696,92,85,第25節,0,0
2025-2026,2025,B1,2026/03/11,千葉J,秋田,704,693,97,59,第25節,0,0
2025-2026,2025,B1,2026/03/11,A東京,A千葉,706,2486,87,81,第25節,0,0
2025-2026,2025,B1,2026/03/11,川崎,群馬,727,713,76,89,第25節,0,0
2025-2026,2025,B1,2026/03/11,名古屋D,FE名古屋,729,717,76,72,第25節,0,0
2025-2026,2025,B1,2026/03/11,滋賀,仙台,698,692,81,87,第25節,0,0
2025-2026,2025,B1,2026/03/11,京都,長崎,699,2488,80,90,第25節,0,0
2025-2026,2025,B1,2026/03/11,島根,大阪,720,700,67,75,第25節,0,0
2025-2026,2025,B1,2026/03/11,広島,横浜BC,721,694,85,88,第25節,0,0
2025-2026,2025,B1,2026/03/11,佐賀,三遠,1638,697,91,96,第25節,0,0
2025-2026,2025,B1,2026/03/11,琉球,三河,701,728,70,79,第25節,0,0
2025-2026,2025,B1,2026/03/14,大阪,富山,700,696,104,102,第26節,0,0
2025-2026,2025,B1,2026/03/14,仙台,秋田,692,693,93,70,第26節,0,0
2025-2026,2025,B1,2026/03/14,横浜BC,三河,694,728,79,84,第26節,0,0
2025-2026,2025,B1,2026/03/14,滋賀,宇都宮,698,703,83,78,第26節,0,0
2025-2026,2025,B1,2026/03/14,茨城,千葉J,712,704,85,76,第26節,0,0
2025-2026,2025,B1,2026/03/14,群馬,A東京,713,706,92,66,第26節,0,0
2025-2026,2025,B1,2026/03/14,越谷,名古屋D,745,729,72,101,第26節,0,0
2025-2026,2025,B1,2026/03/14,A千葉,広島,2486,721,87,81,第26節,0,0
2025-2026,2025,B1,2026/03/14,三遠,北海道,697,702,90,73,第26節,0,0
2025-2026,2025,B1,2026/03/14,京都,SR渋谷,699,726,71,62,第26節,0,0
2025-2026,2025,B1,2026/03/14,島根,佐賀,720,1638,91,96,第26節,0,0
2025-2026,2025,B1,2026/03/14,FE名古屋,川崎,717,727,79,85,第26節,0,0
2025-2026,2025,B1,2026/03/14,琉球,長崎,701,2488,95,81,第26節,0,0
2025-2026,2025,B1,2026/03/15,大阪,富山,700,696,76,93,第26節,0,0
2025-2026,2025,B1,2026/03/15,仙台,秋田,692,693,87,76,第26節,0,0
2025-2026,2025,B1,2026/03/15,横浜BC,三河,694,728,77,65,第26節,0,0
2025-2026,2025,B1,2026/03/15,滋賀,宇都宮,698,703,87,93,第26節,0,0
2025-2026,2025,B1,2026/03/15,京都,SR渋谷,699,726,79,78,第26節,0,0
2025-2026,2025,B1,2026/03/15,島根,佐賀,720,1638,80,77,第26節,0,0
2025-2026,2025,B1,2026/03/15,茨城,千葉J,712,704,78,86,第26節,0,0
2025-2026,2025,B1,2026/03/15,群馬,A東京,713,706,78,54,第26節,0,0
2025-2026,2025,B1,2026/03/15,越谷,名古屋D,745,729,80,109,第26節,0,0
2025-2026,2025,B1,2026/03/15,A千葉,広島,2486,721,91,104,第26節,0,0
2025-2026,2025,B1,2026/03/15,三遠,北海道,697,702,95,81,第26節,0,0
2025-2026,2025,B1,2026/03/15,FE名古屋,川崎,717,727,74,82,第26節,0,0
2025-2026,2025,B1,2026/03/15,琉球,長崎,701,2488,58,68,第26節,0,0
2025-2026,2025,B1,2026/03/28,秋田,京都,693,699,91,80,第27節,0,0
2025-2026,2025,B1,2026/03/28,横浜BC,越谷,694,745,78,70,第27節,0,0
2025-2026,2025,B1,2026/03/28,広島,大阪,721,700,88,92,第27節,0,0
2025-2026,2025,B1,2026/03/28,佐賀,茨城,1638,712,80,83,第27節,0,0
2025-2026,2025,B1,2026/03/28,北海道,宇都宮,702,703,99,104,第27節,0,0
2025-2026,2025,B1,2026/03/28,A千葉,千葉J,2486,704,71,88,第27節,0,0
2025-2026,2025,B1,2026/03/28,富山,滋賀,696,698,64,89,第27節,0,0
2025-2026,2025,B1,2026/03/28,三河,川崎,728,727,75,60,第27節,0,0
2025-2026,2025,B1,2026/03/28,名古屋D,群馬,729,713,79,88,第27節,0,0
2025-2026,2025,B1,2026/03/28,長崎,仙台,2488,692,99,94,第27節,0,0
2025-2026,2025,B1,2026/03/28,FE名古屋,島根,717,720,78,84,第27節,0,0
2025-2026,2025,B1,2026/03/28,A東京,三遠,706,697,83,93,第27節,0,0
2025-2026,2025,B1,2026/03/28,SR渋谷,琉球,726,701,85,90,第27節,0,0
2025-2026,2025,B1,2026/03/29,北海道,宇都宮,702,703,108,89,第27節,0,0
2025-2026,2025,B1,2026/03/29,秋田,京都,693,699,63,86,第27節,0,0
2025-2026,2025,B1,2026/03/29,SR渋谷,琉球,726,701,77,83,第27節,0,0
2025-2026,2025,B1,2026/03/29,横浜BC,越谷,694,745,96,93,第27節,0,0
2025-2026,2025,B1,2026/03/29,富山,滋賀,696,698,71,79,第27節,0,0
2025-2026,2025,B1,2026/03/29,広島,大阪,721,700,94,79,第27節,0,0
2025-2026,2025,B1,2026/03/29,佐賀,茨城,1638,712,90,86,第27節,0,0
2025-2026,2025,B1,2026/03/29,A千葉,千葉J,2486,704,70,69,第27節,0,0
2025-2026,2025,B1,2026/03/29,A東京,三遠,706,697,94,98,第27節,0,0
2025-2026,2025,B1,2026/03/29,三河,川崎,728,727,84,72,第27節,0,0
2025-2026,2025,B1,2026/03/29,名古屋D,群馬,729,713,74,78,第27節,0,0
2025-2026,2025,B1,2026/03/29,長崎,仙台,2488,692,88,75,第27節,0,0
2025-2026,2025,B1,2026/03/29,FE名古屋,島根,717,720,79,77,第27節,0,0
2025-2026,2025,B1,2026/04/01,北海道,茨城,702,712,88,85,第28節,0,0
2025-2026,2025,B1,2026/04/01,仙台,A東京,692,706,83,80,第28節,0,0
2025-2026,2025,B1,2026/04/01,群馬,A千葉,713,2486,84,59,第28節,0,0
2025-2026,2025,B1,2026/04/01,千葉J,三河,704,728,75,89,第28節,0,0
2025-2026,2025,B1,2026/04/01,川崎,越谷,727,745,89,69,第28節,0,0
2025-2026,2025,B1,2026/04/01,横浜BC,宇都宮,694,703,71,95,第28節,0,0
2025-2026,2025,B1,2026/04/01,富山,琉球,696,701,60,89,第28節,0,0
2025-2026,2025,B1,2026/04/01,三遠,広島,697,721,91,88,第28節,0,0
2025-2026,2025,B1,2026/04/01,名古屋D,秋田,729,693,74,66,第28節,0,0
2025-2026,2025,B1,2026/04/01,滋賀,佐賀,698,1638,77,83,第28節,0,0
2025-2026,2025,B1,2026/04/01,京都,FE名古屋,699,717,83,74,第28節,0,0
2025-2026,2025,B1,2026/04/01,大阪,長崎,700,2488,71,80,第28節,0,0
2025-2026,2025,B1,2026/04/01,島根,SR渋谷,720,726,80,87,第28節,0,0
2025-2026,2025,B1,2026/04/04,琉球,北海道,701,702,83,74,第29節,0,0
2025-2026,2025,B1,2026/04/04,滋賀,A千葉,698,2486,92,85,第29節,0,0
2025-2026,2025,B1,2026/04/04,広島,千葉J,721,704,85,79,第29節,0,0
2025-2026,2025,B1,2026/04/04,仙台,佐賀,692,1638,66,82,第29節,0,0
2025-2026,2025,B1,2026/04/04,茨城,三遠,712,697,71,89,第29節,0,0
2025-2026,2025,B1,2026/04/04,宇都宮,京都,703,699,91,75,第29節,0,0
2025-2026,2025,B1,2026/04/04,越谷,大阪,745,700,78,84,第29節,0,0
2025-2026,2025,B1,2026/04/04,川崎,横浜BC,727,694,71,85,第29節,0,0
2025-2026,2025,B1,2026/04/04,名古屋D,富山,729,696,92,65,第29節,0,0
2025-2026,2025,B1,2026/04/04,島根,群馬,720,713,55,74,第29節,0,0
2025-2026,2025,B1,2026/04/04,A東京,秋田,706,693,85,68,第29節,0,0
2025-2026,2025,B1,2026/04/04,SR渋谷,三河,726,728,68,73,第29節,0,0
2025-2026,2025,B1,2026/04/04,長崎,FE名古屋,2488,717,97,83,第29節,0,0
2025-2026,2025,B1,2026/04/05,琉球,北海道,701,702,91,82,第29節,0,0
2025-2026,2025,B1,2026/04/05,仙台,佐賀,692,1638,87,66,第29節,0,0
2025-2026,2025,B1,2026/04/05,SR渋谷,三河,726,728,94,84,第29節,0,0
2025-2026,2025,B1,2026/04/05,滋賀,A千葉,698,2486,79,64,第29節,0,0
2025-2026,2025,B1,2026/04/05,島根,群馬,720,713,65,81,第29節,0,0
2025-2026,2025,B1,2026/04/05,広島,千葉J,721,704,96,100,第29節,0,0
2025-2026,2025,B1,2026/04/05,茨城,三遠,712,697,84,82,第29節,0,0
2025-2026,2025,B1,2026/04/05,宇都宮,京都,703,699,89,77,第29節,0,0
2025-2026,2025,B1,2026/04/05,越谷,大阪,745,700,84,77,第29節,0,0
2025-2026,2025,B1,2026/04/05,A東京,秋田,706,693,86,72,第29節,0,0
2025-2026,2025,B1,2026/04/05,川崎,横浜BC,727,694,82,75,第29節,0,0
2025-2026,2025,B1,2026/04/05,名古屋D,富山,729,696,91,58,第29節,0,0
2025-2026,2025,B1,2026/04/05,長崎,FE名古屋,2488,717,99,88,第29節,0,0
2025-2026,2025,B1,2026/04/08,茨城,群馬,712,713,66,80,第30節,0,0
2025-2026,2025,B1,2026/04/08,宇都宮,A東京,703,706,82,84,第30節,0,0
2025-2026,2025,B1,2026/04/08,A千葉,仙台,2486,692,80,104,第30節,0,0
2025-2026,2025,B1,2026/04/08,千葉J,越谷,704,745,92,78,第30節,0,0
2025-2026,2025,B1,2026/04/08,SR渋谷,川崎,726,727,87,73,第30節,0,0
2025-2026,2025,B1,2026/04/08,横浜BC,秋田,694,693,92,74,第30節,0,0
2025-2026,2025,B1,2026/04/08,三河,広島,728,721,93,84,第30節,0,0
2025-2026,2025,B1,2026/04/08,FE名古屋,滋賀,717,698,69,72,第30節,0,0
2025-2026,2025,B1,2026/04/08,京都,名古屋D,699,729,90,82,第30節,0,0
2025-2026,2025,B1,2026/04/08,島根,富山,720,696,68,98,第30節,0,0
2025-2026,2025,B1,2026/04/08,佐賀,北海道,1638,702,79,76,第30節,0,0
2025-2026,2025,B1,2026/04/08,長崎,三遠,2488,697,97,103,第30節,0,0
2025-2026,2025,B1,2026/04/08,琉球,大阪,701,700,74,71,第30節,0,0
2025-2026,2025,B1,2026/04/11,秋田,越谷,693,745,NaN,NaN,第31節,0,0
2025-2026,2025,B1,2026/04/11,千葉J,滋賀,704,698,NaN,NaN,第31節,0,0
2025-2026,2025,B1,2026/04/11,大阪,FE名古屋,700,717,NaN,NaN,第31節,0,0
2025-2026,2025,B1,2026/04/11,広島,SR渋谷,721,726,NaN,NaN,第31節,0,0
2025-2026,2025,B1,2026/04/11,佐賀,京都,1638,699,NaN,NaN,第31節,0,0
2025-2026,2025,B1,2026/04/11,北海道,長崎,702,2488,NaN,NaN,第31節,0,0
2025-2026,2025,B1,2026/04/11,群馬,川崎,713,727,NaN,NaN,第31節,0,0
2025-2026,2025,B1,2026/04/11,A千葉,横浜BC,2486,694,NaN,NaN,第31節,0,0
2025-2026,2025,B1,2026/04/11,富山,宇都宮,696,703,NaN,NaN,第31節,0,0
2025-2026,2025,B1,2026/04/11,三遠,仙台,697,692,NaN,NaN,第31節,0,0
2025-2026,2025,B1,2026/04/11,三河,名古屋D,728,729,NaN,NaN,第31節,0,0
2025-2026,2025,B1,2026/04/11,A東京,島根,706,720,NaN,NaN,第31節,0,0
2025-2026,2025,B1,2026/04/11,琉球,茨城,701,712,NaN,NaN,第31節,0,0
2025-2026,2025,B1,2026/04/12,佐賀,京都,1638,699,NaN,NaN,第31節,0,0
2025-2026,2025,B1,2026/04/12,北海道,長崎,702,2488,NaN,NaN,第31節,0,0
2025-2026,2025,B1,2026/04/12,秋田,越谷,693,745,NaN,NaN,第31節,0,0
2025-2026,2025,B1,2026/04/12,千葉J,滋賀,704,698,NaN,NaN,第31節,0,0
2025-2026,2025,B1,2026/04/12,富山,宇都宮,696,703,NaN,NaN,第31節,0,0
2025-2026,2025,B1,2026/04/12,大阪,FE名古屋,700,717,NaN,NaN,第31節,0,0
2025-2026,2025,B1,2026/04/12,広島,SR渋谷,721,726,NaN,NaN,第31節,0,0
2025-2026,2025,B1,2026/04/12,群馬,川崎,713,727,NaN,NaN,第31節,0,0
2025-2026,2025,B1,2026/04/12,A千葉,横浜BC,2486,694,NaN,NaN,第31節,0,0
2025-2026,2025,B1,2026/04/12,A東京,島根,706,720,NaN,NaN,第31節,0,0
2025-2026,2025,B1,2026/04/12,三遠,仙台,697,692,NaN,NaN,第31節,0,0
2025-2026,2025,B1,2026/04/12,三河,名古屋D,728,729,NaN,NaN,第31節,0,0
2025-2026,2025,B1,2026/04/12,琉球,茨城,701,712,NaN,NaN,第31節,0,0
2025-2026,2025,B1,2026/04/15,長崎,広島,2488,721,NaN,NaN,第32節,0,0
2025-2026,2025,B1,2026/04/15,北海道,A千葉,702,2486,NaN,NaN,第32節,0,0
2025-2026,2025,B1,2026/04/15,仙台,秋田,692,693,NaN,NaN,第32節,0,0
2025-2026,2025,B1,2026/04/15,茨城,越谷,712,745,NaN,NaN,第32節,0,0
2025-2026,2025,B1,2026/04/15,宇都宮,大阪,703,700,NaN,NaN,第32節,0,0
2025-2026,2025,B1,2026/04/15,SR渋谷,群馬,726,713,NaN,NaN,第32節,0,0
2025-2026,2025,B1,2026/04/15,川崎,千葉J,727,704,NaN,NaN,第32節,0,0
2025-2026,2025,B1,2026/04/15,横浜BC,A東京,694,706,NaN,NaN,第32節,0,0
2025-2026,2025,B1,2026/04/15,富山,FE名古屋,696,717,NaN,NaN,第32節,0,0
2025-2026,2025,B1,2026/04/15,名古屋D,琉球,729,701,NaN,NaN,第32節,0,0
2025-2026,2025,B1,2026/04/15,滋賀,三遠,698,697,NaN,NaN,第32節,0,0
2025-2026,2025,B1,2026/04/15,島根,京都,720,699,NaN,NaN,第32節,0,0
2025-2026,2025,B1,2026/04/15,佐賀,三河,1638,728,NaN,NaN,第32節,0,0
2025-2026,2025,B1,2026/04/18,広島,島根,721,720,NaN,NaN,第33節,0,0
2025-2026,2025,B1,2026/04/18,北海道,千葉J,702,704,NaN,NaN,第33節,0,0
2025-2026,2025,B1,2026/04/18,横浜BC,SR渋谷,694,726,NaN,NaN,第33節,0,0
2025-2026,2025,B1,2026/04/18,大阪,川崎,700,727,NaN,NaN,第33節,0,0
2025-2026,2025,B1,2026/04/18,茨城,長崎,712,2488,NaN,NaN,第33節,0,0
2025-2026,2025,B1,2026/04/18,群馬,宇都宮,713,703,NaN,NaN,第33節,0,0
2025-2026,2025,B1,2026/04/18,越谷,A東京,745,706,NaN,NaN,第33節,0,0
2025-2026,2025,B1,2026/04/18,A千葉,秋田,2486,693,NaN,NaN,第33節,0,0
2025-2026,2025,B1,2026/04/18,富山,仙台,696,692,NaN,NaN,第33節,0,0
2025-2026,2025,B1,2026/04/18,京都,三河,699,728,NaN,NaN,第33節,0,0
2025-2026,2025,B1,2026/04/18,FE名古屋,佐賀,717,1638,NaN,NaN,第33節,0,0
2025-2026,2025,B1,2026/04/18,名古屋D,滋賀,729,698,NaN,NaN,第33節,0,0
2025-2026,2025,B1,2026/04/18,琉球,三遠,701,697,NaN,NaN,第33節,0,0
2025-2026,2025,B1,2026/04/19,北海道,千葉J,702,704,NaN,NaN,第33節,0,0
2025-2026,2025,B1,2026/04/19,横浜BC,SR渋谷,694,726,NaN,NaN,第33節,0,0
2025-2026,2025,B1,2026/04/19,富山,仙台,696,692,NaN,NaN,第33節,0,0
2025-2026,2025,B1,2026/04/19,京都,三河,699,728,NaN,NaN,第33節,0,0
2025-2026,2025,B1,2026/04/19,大阪,川崎,700,727,NaN,NaN,第33節,0,0
2025-2026,2025,B1,2026/04/19,広島,島根,721,720,NaN,NaN,第33節,0,0
2025-2026,2025,B1,2026/04/19,群馬,宇都宮,713,703,NaN,NaN,第33節,0,0
2025-2026,2025,B1,2026/04/19,越谷,A東京,745,706,NaN,NaN,第33節,0,0
2025-2026,2025,B1,2026/04/19,A千葉,秋田,2486,693,NaN,NaN,第33節,0,0
2025-2026,2025,B1,2026/04/19,FE名古屋,佐賀,717,1638,NaN,NaN,第33節,0,0
2025-2026,2025,B1,2026/04/19,茨城,長崎,712,2488,NaN,NaN,第33節,0,0
2025-2026,2025,B1,2026/04/19,名古屋D,滋賀,729,698,NaN,NaN,第33節,0,0
2025-2026,2025,B1,2026/04/19,琉球,三遠,701,697,NaN,NaN,第33節,0,0
2025-2026,2025,B1,2026/04/22,仙台,越谷,692,745,NaN,NaN,第34節,0,0
2025-2026,2025,B1,2026/04/22,秋田,北海道,693,702,NaN,NaN,第34節,0,0
2025-2026,2025,B1,2026/04/22,群馬,京都,713,699,NaN,NaN,第34節,0,0
2025-2026,2025,B1,2026/04/22,A千葉,茨城,2486,712,NaN,NaN,第34節,0,0
2025-2026,2025,B1,2026/04/22,千葉J,横浜BC,704,694,NaN,NaN,第34節,0,0
2025-2026,2025,B1,2026/04/22,A東京,FE名古屋,706,717,NaN,NaN,第34節,0,0
2025-2026,2025,B1,2026/04/22,SR渋谷,宇都宮,726,703,NaN,NaN,第34節,0,0
2025-2026,2025,B1,2026/04/22,川崎,琉球,727,701,NaN,NaN,第34節,0,0
2025-2026,2025,B1,2026/04/22,三遠,富山,697,696,NaN,NaN,第34節,0,0
2025-2026,2025,B1,2026/04/22,滋賀,広島,698,721,NaN,NaN,第34節,0,0
2025-2026,2025,B1,2026/04/22,大阪,三河,700,728,NaN,NaN,第34節,0,0
2025-2026,2025,B1,2026/04/22,佐賀,名古屋D,1638,729,NaN,NaN,第34節,0,0
2025-2026,2025,B1,2026/04/22,長崎,島根,2488,720,NaN,NaN,第34節,0,0
2025-2026,2025,B1,2026/04/25,名古屋D,宇都宮,729,703,NaN,NaN,第35節,0,0
2025-2026,2025,B1,2026/04/25,仙台,横浜BC,692,694,NaN,NaN,第35節,0,0
2025-2026,2025,B1,2026/04/25,千葉J,広島,704,721,NaN,NaN,第35節,0,0
2025-2026,2025,B1,2026/04/25,北海道,群馬,702,713,NaN,NaN,第35節,0,0
2025-2026,2025,B1,2026/04/25,越谷,川崎,745,727,NaN,NaN,第35節,0,0
2025-2026,2025,B1,2026/04/25,富山,秋田,696,693,NaN,NaN,第35節,0,0
2025-2026,2025,B1,2026/04/25,三河,三遠,728,697,NaN,NaN,第35節,0,0
2025-2026,2025,B1,2026/04/25,京都,大阪,699,700,NaN,NaN,第35節,0,0
2025-2026,2025,B1,2026/04/25,島根,茨城,720,712,NaN,NaN,第35節,0,0
2025-2026,2025,B1,2026/04/25,FE名古屋,長崎,717,2488,NaN,NaN,第35節,0,0
2025-2026,2025,B1,2026/04/25,A東京,滋賀,706,698,NaN,NaN,第35節,0,0
2025-2026,2025,B1,2026/04/25,SR渋谷,A千葉,726,2486,NaN,NaN,第35節,0,0
2025-2026,2025,B1,2026/04/25,琉球,佐賀,701,1638,NaN,NaN,第35節,0,0
2025-2026,2025,B1,2026/04/26,北海道,群馬,702,713,NaN,NaN,第35節,0,0
2025-2026,2025,B1,2026/04/26,名古屋D,宇都宮,729,703,NaN,NaN,第35節,0,0
2025-2026,2025,B1,2026/04/26,仙台,横浜BC,692,694,NaN,NaN,第35節,0,0
2025-2026,2025,B1,2026/04/26,千葉J,広島,704,721,NaN,NaN,第35節,0,0
2025-2026,2025,B1,2026/04/26,SR渋谷,A千葉,726,2486,NaN,NaN,第35節,0,0
2025-2026,2025,B1,2026/04/26,富山,秋田,696,693,NaN,NaN,第35節,0,0
2025-2026,2025,B1,2026/04/26,京都,大阪,699,700,NaN,NaN,第35節,0,0
2025-2026,2025,B1,2026/04/26,島根,茨城,720,712,NaN,NaN,第35節,0,0
2025-2026,2025,B1,2026/04/26,越谷,川崎,745,727,NaN,NaN,第35節,0,0
2025-2026,2025,B1,2026/04/26,A東京,滋賀,706,698,NaN,NaN,第35節,0,0
2025-2026,2025,B1,2026/04/26,三河,三遠,728,697,NaN,NaN,第35節,0,0
2025-2026,2025,B1,2026/04/26,FE名古屋,長崎,717,2488,NaN,NaN,第35節,0,0
2025-2026,2025,B1,2026/04/26,琉球,佐賀,701,1638,NaN,NaN,第35節,0,0
2025-2026,2025,B1,2026/05/02,長崎,京都,2488,699,NaN,NaN,第36節,0,0
2025-2026,2025,B1,2026/05/02,秋田,佐賀,693,1638,NaN,NaN,第36節,0,0
2025-2026,2025,B1,2026/05/02,千葉J,A千葉,704,2486,NaN,NaN,第36節,0,0
2025-2026,2025,B1,2026/05/02,横浜BC,川崎,694,727,NaN,NaN,第36節,0,0
2025-2026,2025,B1,2026/05/02,滋賀,SR渋谷,698,726,NaN,NaN,第36節,0,0
2025-2026,2025,B1,2026/05/02,広島,富山,721,696,NaN,NaN,第36節,0,0
2025-2026,2025,B1,2026/05/02,北海道,A東京,702,706,NaN,NaN,第36節,0,0
2025-2026,2025,B1,2026/05/02,茨城,大阪,712,700,NaN,NaN,第36節,0,0
2025-2026,2025,B1,2026/05/02,宇都宮,琉球,703,701,NaN,NaN,第36節,0,0
2025-2026,2025,B1,2026/05/02,群馬,仙台,713,692,NaN,NaN,第36節,0,0
2025-2026,2025,B1,2026/05/02,三遠,名古屋D,697,729,NaN,NaN,第36節,0,0
2025-2026,2025,B1,2026/05/02,三河,越谷,728,745,NaN,NaN,第36節,0,0
2025-2026,2025,B1,2026/05/02,島根,FE名古屋,720,717,NaN,NaN,第36節,0,0
2025-2026,2025,B1,2026/05/03,北海道,A東京,702,706,NaN,NaN,第36節,0,0
2025-2026,2025,B1,2026/05/03,秋田,佐賀,693,1638,NaN,NaN,第36節,0,0
2025-2026,2025,B1,2026/05/03,千葉J,A千葉,704,2486,NaN,NaN,第36節,0,0
2025-2026,2025,B1,2026/05/03,横浜BC,川崎,694,727,NaN,NaN,第36節,0,0
2025-2026,2025,B1,2026/05/03,滋賀,SR渋谷,698,726,NaN,NaN,第36節,0,0
2025-2026,2025,B1,2026/05/03,島根,FE名古屋,720,717,NaN,NaN,第36節,0,0
2025-2026,2025,B1,2026/05/03,広島,富山,721,696,NaN,NaN,第36節,0,0
2025-2026,2025,B1,2026/05/03,長崎,京都,2488,699,NaN,NaN,第36節,0,0
2025-2026,2025,B1,2026/05/03,宇都宮,琉球,703,701,NaN,NaN,第36節,0,0
2025-2026,2025,B1,2026/05/03,群馬,仙台,713,692,NaN,NaN,第36節,0,0
2025-2026,2025,B1,2026/05/03,三遠,名古屋D,697,729,NaN,NaN,第36節,0,0
2025-2026,2025,B1,2026/05/03,三河,越谷,728,745,NaN,NaN,第36節,0,0
2025-2026,2025,B1,2026/05/03,茨城,大阪,712,700,NaN,NaN,第36節,0,0
2025-2026,2025,B2,2025/10/02,静岡,福岡,1637,753,62,75,第1節,0,0
2025-2026,2025,B2,2025/10/03,静岡,福岡,1637,753,72,62,第1節,0,0
2025-2026,2025,B2,2025/10/04,青森,岩手,708,709,64,59,第1節,0,0
2025-2026,2025,B2,2025/10/04,福島,横浜EX,711,714,86,78,第1節,0,0
2025-2026,2025,B2,2025/10/04,鹿児島,愛媛,725,723,85,74,第1節,0,0
2025-2026,2025,B2,2025/10/04,信州,山形,716,710,94,60,第1節,0,0
2025-2026,2025,B2,2025/10/04,奈良,熊本,719,724,74,66,第1節,0,0
2025-2026,2025,B2,2025/10/04,神戸,福井,718,2891,94,87,第1節,0,0
2025-2026,2025,B2,2025/10/05,鹿児島,愛媛,725,723,75,93,第1節,0,0
2025-2026,2025,B2,2025/10/05,福島,横浜EX,711,714,74,83,第1節,0,0
2025-2026,2025,B2,2025/10/05,信州,山形,716,710,96,79,第1節,0,0
2025-2026,2025,B2,2025/10/05,神戸,福井,718,2891,91,85,第1節,0,0
2025-2026,2025,B2,2025/10/05,奈良,熊本,719,724,63,73,第1節,0,0
2025-2026,2025,B2,2025/10/05,青森,岩手,708,709,59,69,第1節,0,0
2025-2026,2025,B2,2025/10/10,福井,岩手,2891,709,81,77,第2節,0,0
2025-2026,2025,B2,2025/10/11,福井,岩手,2891,709,84,53,第2節,0,0
2025-2026,2025,B2,2025/10/11,福岡,福島,753,711,72,78,第2節,0,0
2025-2026,2025,B2,2025/10/11,山形,青森,710,708,85,106,第2節,0,0
2025-2026,2025,B2,2025/10/11,愛媛,静岡,723,1637,83,58,第2節,0,0
2025-2026,2025,B2,2025/10/11,熊本,信州,724,716,73,83,第2節,0,0
2025-2026,2025,B2,2025/10/11,奈良,神戸,719,718,69,79,第2節,0,0
2025-2026,2025,B2,2025/10/12,熊本,信州,724,716,65,83,第2節,0,0
2025-2026,2025,B2,2025/10/12,山形,青森,710,708,90,61,第2節,0,0
2025-2026,2025,B2,2025/10/12,奈良,神戸,719,718,66,81,第2節,0,0
2025-2026,2025,B2,2025/10/12,福岡,福島,753,711,80,88,第2節,0,0
2025-2026,2025,B2,2025/10/12,愛媛,静岡,723,1637,79,76,第2節,0,0
2025-2026,2025,B2,2025/10/12,横浜EX,鹿児島,714,725,86,75,第2節,0,0
2025-2026,2025,B2,2025/10/13,横浜EX,鹿児島,714,725,94,107,第2節,0,0
2025-2026,2025,B2,2025/10/15,青森,福島,708,711,74,81,第3節,0,0
2025-2026,2025,B2,2025/10/15,山形,熊本,710,724,99,93,第3節,0,0
2025-2026,2025,B2,2025/10/15,横浜EX,岩手,714,709,64,71,第3節,0,0
2025-2026,2025,B2,2025/10/15,福井,信州,2891,716,91,67,第3節,0,0
2025-2026,2025,B2,2025/10/15,静岡,奈良,1637,719,63,74,第3節,0,0
2025-2026,2025,B2,2025/10/15,福岡,愛媛,753,723,87,73,第3節,0,0
2025-2026,2025,B2,2025/10/15,鹿児島,神戸,725,718,89,81,第3節,0,0
2025-2026,2025,B2,2025/10/18,岩手,福岡,709,753,59,73,第4節,0,0
2025-2026,2025,B2,2025/10/18,信州,横浜EX,716,714,98,59,第4節,0,0
2025-2026,2025,B2,2025/10/18,青森,福井,708,2891,79,104,第4節,0,0
2025-2026,2025,B2,2025/10/18,福島,鹿児島,711,725,80,76,第4節,0,0
2025-2026,2025,B2,2025/10/18,熊本,愛媛,724,723,64,71,第4節,0,0
2025-2026,2025,B2,2025/10/18,静岡,神戸,1637,718,71,98,第4節,0,0
2025-2026,2025,B2,2025/10/18,奈良,山形,719,710,75,72,第4節,0,0
2025-2026,2025,B2,2025/10/19,福島,鹿児島,711,725,105,87,第4節,0,0
2025-2026,2025,B2,2025/10/19,岩手,福岡,709,753,73,75,第4節,0,0
2025-2026,2025,B2,2025/10/19,信州,横浜EX,716,714,86,71,第4節,0,0
2025-2026,2025,B2,2025/10/19,奈良,山形,719,710,86,81,第4節,0,0
2025-2026,2025,B2,2025/10/19,熊本,愛媛,724,723,96,99,第4節,0,0
2025-2026,2025,B2,2025/10/19,青森,福井,708,2891,101,111,第4節,0,0
2025-2026,2025,B2,2025/10/19,静岡,神戸,1637,718,73,82,第4節,0,0
2025-2026,2025,B2,2025/10/24,福井,横浜EX,2891,714,83,77,第5節,0,0
2025-2026,2025,B2,2025/10/24,福岡,信州,753,716,60,57,第5節,0,0
2025-2026,2025,B2,2025/10/25,神戸,熊本,718,724,87,67,第5節,0,0
2025-2026,2025,B2,2025/10/25,福岡,信州,753,716,84,75,第5節,0,0
2025-2026,2025,B2,2025/10/25,福井,横浜EX,2891,714,80,93,第5節,0,0
2025-2026,2025,B2,2025/10/25,岩手,静岡,709,1637,81,67,第5節,0,0
2025-2026,2025,B2,2025/10/25,山形,福島,710,711,74,90,第5節,0,0
2025-2026,2025,B2,2025/10/25,愛媛,奈良,723,719,87,70,第5節,0,0
2025-2026,2025,B2,2025/10/25,鹿児島,青森,725,708,74,60,第5節,0,0
2025-2026,2025,B2,2025/10/26,鹿児島,青森,725,708,71,62,第5節,0,0
2025-2026,2025,B2,2025/10/26,岩手,静岡,709,1637,77,71,第5節,0,0
2025-2026,2025,B2,2025/10/26,神戸,熊本,718,724,74,68,第5節,0,0
2025-2026,2025,B2,2025/10/26,山形,福島,710,711,67,75,第5節,0,0
2025-2026,2025,B2,2025/10/26,愛媛,奈良,723,719,84,47,第5節,0,0
2025-2026,2025,B2,2025/10/31,横浜EX,山形,714,710,84,78,第6節,0,0
2025-2026,2025,B2,2025/10/31,福岡,神戸,753,718,55,82,第6節,0,0
2025-2026,2025,B2,2025/11/01,信州,奈良,716,719,89,73,第6節,0,0
2025-2026,2025,B2,2025/11/01,愛媛,青森,723,708,88,85,第6節,0,0
2025-2026,2025,B2,2025/11/01,横浜EX,山形,714,710,78,65,第6節,0,0
2025-2026,2025,B2,2025/11/01,福岡,神戸,753,718,66,78,第6節,0,0
2025-2026,2025,B2,2025/11/01,福島,岩手,711,709,74,56,第6節,0,0
2025-2026,2025,B2,2025/11/01,福井,熊本,2891,724,100,89,第6節,0,0
2025-2026,2025,B2,2025/11/01,静岡,鹿児島,1637,725,88,75,第6節,0,0
2025-2026,2025,B2,2025/11/02,福島,岩手,711,709,90,61,第6節,0,0
2025-2026,2025,B2,2025/11/02,信州,奈良,716,719,94,70,第6節,0,0
2025-2026,2025,B2,2025/11/02,福井,熊本,2891,724,57,76,第6節,0,0
2025-2026,2025,B2,2025/11/02,愛媛,青森,723,708,85,61,第6節,0,0
2025-2026,2025,B2,2025/11/02,静岡,鹿児島,1637,725,59,86,第6節,0,0
2025-2026,2025,B2,2025/11/07,横浜EX,愛媛,714,723,77,90,第7節,0,0
2025-2026,2025,B2,2025/11/08,横浜EX,愛媛,714,723,79,82,第7節,0,0
2025-2026,2025,B2,2025/11/08,岩手,信州,709,716,61,66,第7節,0,0
2025-2026,2025,B2,2025/11/08,福島,福井,711,2891,86,77,第7節,0,0
2025-2026,2025,B2,2025/11/08,熊本,静岡,724,1637,69,57,第7節,0,0
2025-2026,2025,B2,2025/11/08,鹿児島,山形,725,710,84,75,第7節,0,0
2025-2026,2025,B2,2025/11/08,奈良,福岡,719,753,88,68,第7節,0,0
2025-2026,2025,B2,2025/11/08,神戸,青森,718,708,98,49,第7節,0,0
2025-2026,2025,B2,2025/11/09,鹿児島,山形,725,710,82,84,第7節,0,0
2025-2026,2025,B2,2025/11/09,福島,福井,711,2891,87,84,第7節,0,0
2025-2026,2025,B2,2025/11/09,岩手,信州,709,716,70,65,第7節,0,0
2025-2026,2025,B2,2025/11/09,神戸,青森,718,708,74,64,第7節,0,0
2025-2026,2025,B2,2025/11/09,熊本,静岡,724,1637,58,59,第7節,0,0
2025-2026,2025,B2,2025/11/09,奈良,福岡,719,753,57,78,第7節,0,0
2025-2026,2025,B2,2025/11/15,信州,福島,716,711,66,79,第8節,0,0
2025-2026,2025,B2,2025/11/15,青森,横浜EX,708,714,70,92,第8節,0,0
2025-2026,2025,B2,2025/11/15,山形,福井,710,2891,55,77,第8節,0,0
2025-2026,2025,B2,2025/11/15,福岡,熊本,753,724,78,72,第8節,0,0
2025-2026,2025,B2,2025/11/15,静岡,愛媛,1637,723,76,99,第8節,0,0
2025-2026,2025,B2,2025/11/15,奈良,鹿児島,719,725,91,73,第8節,0,0
2025-2026,2025,B2,2025/11/15,神戸,岩手,718,709,91,81,第8節,0,0
2025-2026,2025,B2,2025/11/16,山形,福井,710,2891,74,89,第8節,0,0
2025-2026,2025,B2,2025/11/16,信州,福島,716,711,84,93,第8節,0,0
2025-2026,2025,B2,2025/11/16,神戸,岩手,718,709,80,68,第8節,0,0
2025-2026,2025,B2,2025/11/16,青森,横浜EX,708,714,61,81,第8節,0,0
2025-2026,2025,B2,2025/11/16,福岡,熊本,753,724,58,82,第8節,0,0
2025-2026,2025,B2,2025/11/16,静岡,愛媛,1637,723,63,67,第8節,0,0
2025-2026,2025,B2,2025/11/16,奈良,鹿児島,719,725,86,88,第8節,0,0
2025-2026,2025,B2,2025/11/21,愛媛,神戸,723,718,65,84,第9節,0,0
2025-2026,2025,B2,2025/11/22,青森,信州,708,716,68,53,第9節,0,0
2025-2026,2025,B2,2025/11/22,岩手,山形,709,710,76,67,第9節,0,0
2025-2026,2025,B2,2025/11/22,福島,静岡,711,1637,101,63,第9節,0,0
2025-2026,2025,B2,2025/11/22,福井,福岡,2891,753,78,79,第9節,0,0
2025-2026,2025,B2,2025/11/22,愛媛,神戸,723,718,66,69,第9節,0,0
2025-2026,2025,B2,2025/11/22,熊本,奈良,724,719,87,75,第9節,0,0
2025-2026,2025,B2,2025/11/22,鹿児島,横浜EX,725,714,89,102,第9節,0,0
2025-2026,2025,B2,2025/11/23,鹿児島,横浜EX,725,714,94,113,第9節,0,0
2025-2026,2025,B2,2025/11/23,福島,静岡,711,1637,91,74,第9節,0,0
2025-2026,2025,B2,2025/11/23,岩手,山形,709,710,79,65,第9節,0,0
2025-2026,2025,B2,2025/11/23,福井,福岡,2891,753,75,71,第9節,0,0
2025-2026,2025,B2,2025/11/23,熊本,奈良,724,719,72,73,第9節,0,0
2025-2026,2025,B2,2025/11/23,青森,信州,708,716,64,79,第9節,0,0
2025-2026,2025,B2,2025/11/28,横浜EX,神戸,714,718,80,99,第10節,0,0
2025-2026,2025,B2,2025/11/29,信州,静岡,716,1637,76,64,第10節,0,0
2025-2026,2025,B2,2025/11/29,横浜EX,神戸,714,718,96,94,第10節,0,0
2025-2026,2025,B2,2025/11/29,岩手,鹿児島,709,725,84,90,第10節,0,0
2025-2026,2025,B2,2025/11/29,福島,福岡,711,753,87,85,第10節,0,0
2025-2026,2025,B2,2025/11/29,福井,奈良,2891,719,97,88,第10節,0,0
2025-2026,2025,B2,2025/11/29,熊本,愛媛,724,723,94,72,第10節,0,0
2025-2026,2025,B2,2025/11/29,山形,青森,710,708,77,65,第10節,0,0
2025-2026,2025,B2,2025/11/30,福島,福岡,711,753,120,114,第10節,0,0
2025-2026,2025,B2,2025/11/30,岩手,鹿児島,709,725,85,93,第10節,0,0
2025-2026,2025,B2,2025/11/30,山形,青森,710,708,90,86,第10節,0,0
2025-2026,2025,B2,2025/11/30,福井,奈良,2891,719,90,84,第10節,0,0
2025-2026,2025,B2,2025/11/30,信州,静岡,716,1637,78,46,第10節,0,0
2025-2026,2025,B2,2025/11/30,熊本,愛媛,724,723,86,71,第10節,0,0
2025-2026,2025,B2,2025/12/05,福岡,神戸,753,718,71,88,第11節,0,0
2025-2026,2025,B2,2025/12/06,青森,熊本,708,724,73,74,第11節,0,0
2025-2026,2025,B2,2025/12/06,山形,福島,710,711,63,96,第11節,0,0
2025-2026,2025,B2,2025/12/06,愛媛,信州,723,716,81,86,第11節,0,0
2025-2026,2025,B2,2025/12/06,福岡,神戸,753,718,49,86,第11節,0,0
2025-2026,2025,B2,2025/12/06,鹿児島,福井,725,2891,86,96,第11節,0,0
2025-2026,2025,B2,2025/12/06,静岡,横浜EX,1637,714,68,73,第11節,0,0
2025-2026,2025,B2,2025/12/06,奈良,岩手,719,709,67,76,第11節,0,0
2025-2026,2025,B2,2025/12/07,鹿児島,福井,725,2891,112,106,第11節,0,0
2025-2026,2025,B2,2025/12/07,山形,福島,710,711,89,87,第11節,0,0
2025-2026,2025,B2,2025/12/07,奈良,岩手,719,709,66,63,第11節,0,0
2025-2026,2025,B2,2025/12/07,青森,熊本,708,724,70,103,第11節,0,0
2025-2026,2025,B2,2025/12/07,愛媛,信州,723,716,69,105,第11節,0,0
2025-2026,2025,B2,2025/12/07,静岡,横浜EX,1637,714,61,96,第11節,0,0
2025-2026,2025,B2,2025/12/10,奈良,静岡,719,1637,81,70,第12節,0,0
2025-2026,2025,B2,2025/12/10,岩手,横浜EX,709,714,66,85,第12節,0,0
2025-2026,2025,B2,2025/12/10,福島,青森,711,708,98,81,第12節,0,0
2025-2026,2025,B2,2025/12/10,神戸,鹿児島,718,725,92,85,第12節,0,0
2025-2026,2025,B2,2025/12/10,愛媛,福岡,723,753,82,71,第12節,0,0
2025-2026,2025,B2,2025/12/10,熊本,山形,724,710,82,70,第12節,0,0
2025-2026,2025,B2,2025/12/10,信州,福井,716,2891,96,75,第12節,0,0
2025-2026,2025,B2,2025/12/12,横浜EX,奈良,714,719,74,69,第13節,0,0
2025-2026,2025,B2,2025/12/12,福岡,鹿児島,753,725,81,79,第13節,0,0
2025-2026,2025,B2,2025/12/13,福島,熊本,711,724,92,73,第13節,0,0
2025-2026,2025,B2,2025/12/13,岩手,愛媛,709,723,55,63,第13節,0,0
2025-2026,2025,B2,2025/12/13,山形,信州,710,716,84,91,第13節,0,0
2025-2026,2025,B2,2025/12/13,福井,青森,2891,708,80,63,第13節,0,0
2025-2026,2025,B2,2025/12/13,福岡,鹿児島,753,725,63,90,第13節,0,0
2025-2026,2025,B2,2025/12/13,横浜EX,奈良,714,719,83,63,第13節,0,0
2025-2026,2025,B2,2025/12/14,福島,熊本,711,724,69,92,第13節,0,0
2025-2026,2025,B2,2025/12/14,岩手,愛媛,709,723,78,83,第13節,0,0
2025-2026,2025,B2,2025/12/14,山形,信州,710,716,64,87,第13節,0,0
2025-2026,2025,B2,2025/12/14,福井,青森,2891,708,81,80,第13節,0,0
2025-2026,2025,B2,2025/12/14,神戸,静岡,718,1637,86,65,第13節,0,0
2025-2026,2025,B2,2025/12/15,神戸,静岡,718,1637,79,62,第13節,0,0
2025-2026,2025,B2,2025/12/20,青森,福岡,708,753,73,70,第14節,0,0
2025-2026,2025,B2,2025/12/20,愛媛,福井,723,2891,96,100,第14節,0,0
2025-2026,2025,B2,2025/12/20,熊本,神戸,724,718,74,94,第14節,0,0
2025-2026,2025,B2,2025/12/20,鹿児島,福島,725,711,68,90,第14節,0,0
2025-2026,2025,B2,2025/12/20,静岡,岩手,1637,709,79,73,第14節,0,0
2025-2026,2025,B2,2025/12/20,奈良,信州,719,716,59,85,第14節,0,0
2025-2026,2025,B2,2025/12/21,鹿児島,福島,725,711,118,113,第14節,0,0
2025-2026,2025,B2,2025/12/21,熊本,神戸,724,718,83,89,第14節,0,0
2025-2026,2025,B2,2025/12/21,青森,福岡,708,753,65,79,第14節,0,0
2025-2026,2025,B2,2025/12/21,愛媛,福井,723,2891,93,76,第14節,0,0
2025-2026,2025,B2,2025/12/21,奈良,信州,719,716,70,79,第14節,0,0
2025-2026,2025,B2,2025/12/21,横浜EX,山形,714,710,90,81,第14節,0,0
2025-2026,2025,B2,2025/12/21,静岡,岩手,1637,709,77,75,第14節,0,0
2025-2026,2025,B2,2025/12/22,横浜EX,山形,714,710,89,82,第14節,0,0
2025-2026,2025,B2,2025/12/27,信州,熊本,716,724,97,79,第15節,0,0
2025-2026,2025,B2,2025/12/27,山形,愛媛,710,723,71,74,第15節,0,0
2025-2026,2025,B2,2025/12/27,青森,鹿児島,708,725,84,83,第15節,0,0
2025-2026,2025,B2,2025/12/27,岩手,福島,709,711,70,77,第15節,0,0
2025-2026,2025,B2,2025/12/27,福井,横浜EX,2891,714,85,88,第15節,0,0
2025-2026,2025,B2,2025/12/27,福岡,静岡,753,1637,76,88,第15節,0,0
2025-2026,2025,B2,2025/12/27,神戸,奈良,718,719,83,60,第15節,0,0
2025-2026,2025,B2,2025/12/28,山形,愛媛,710,723,69,76,第15節,0,0
2025-2026,2025,B2,2025/12/28,信州,熊本,716,724,90,84,第15節,0,0
2025-2026,2025,B2,2025/12/28,岩手,福島,709,711,66,83,第15節,0,0
2025-2026,2025,B2,2025/12/28,福井,横浜EX,2891,714,63,95,第15節,0,0
2025-2026,2025,B2,2025/12/28,神戸,奈良,718,719,93,46,第15節,0,0
2025-2026,2025,B2,2025/12/28,青森,鹿児島,708,725,73,82,第15節,0,0
2025-2026,2025,B2,2025/12/28,福岡,静岡,753,1637,97,88,第15節,0,0
2025-2026,2025,B2,2026/01/03,福岡,山形,753,710,65,74,第16節,0,0
2025-2026,2025,B2,2026/01/03,福島,信州,711,716,81,88,第16節,0,0
2025-2026,2025,B2,2026/01/03,横浜EX,青森,714,708,100,63,第16節,0,0
2025-2026,2025,B2,2026/01/03,愛媛,神戸,723,718,87,76,第16節,0,0
2025-2026,2025,B2,2026/01/03,熊本,岩手,724,709,84,73,第16節,0,0
2025-2026,2025,B2,2026/01/03,奈良,福井,719,2891,80,85,第16節,0,0
2025-2026,2025,B2,2026/01/04,福島,信州,711,716,73,91,第16節,0,0
2025-2026,2025,B2,2026/01/04,熊本,岩手,724,709,81,72,第16節,0,0
2025-2026,2025,B2,2026/01/04,横浜EX,青森,714,708,120,67,第16節,0,0
2025-2026,2025,B2,2026/01/04,奈良,福井,719,2891,89,95,第16節,0,0
2025-2026,2025,B2,2026/01/04,福岡,山形,753,710,74,70,第16節,0,0
2025-2026,2025,B2,2026/01/04,愛媛,神戸,723,718,80,89,第16節,0,0
2025-2026,2025,B2,2026/01/04,静岡,鹿児島,1637,725,84,90,第16節,0,0
2025-2026,2025,B2,2026/01/05,静岡,鹿児島,1637,725,83,93,第16節,0,0
2025-2026,2025,B2,2026/01/23,福岡,奈良,753,719,70,80,第17節,0,0
2025-2026,2025,B2,2026/01/24,福岡,奈良,753,719,68,70,第17節,0,0
2025-2026,2025,B2,2026/01/24,山形,岩手,710,709,70,82,第17節,0,0
2025-2026,2025,B2,2026/01/24,青森,信州,708,716,62,74,第17節,0,0
2025-2026,2025,B2,2026/01/24,福井,神戸,2891,718,86,101,第17節,0,0
2025-2026,2025,B2,2026/01/24,鹿児島,愛媛,725,723,101,91,第17節,0,0
2025-2026,2025,B2,2026/01/24,静岡,熊本,1637,724,78,91,第17節,0,0
2025-2026,2025,B2,2026/01/24,横浜EX,福島,714,711,97,84,第17節,0,0
2025-2026,2025,B2,2026/01/25,鹿児島,愛媛,725,723,63,78,第17節,0,0
2025-2026,2025,B2,2026/01/25,山形,岩手,710,709,70,60,第17節,0,0
2025-2026,2025,B2,2026/01/25,横浜EX,福島,714,711,83,80,第17節,0,0
2025-2026,2025,B2,2026/01/25,福井,神戸,2891,718,84,97,第17節,0,0
2025-2026,2025,B2,2026/01/25,青森,信州,708,716,75,66,第17節,0,0
2025-2026,2025,B2,2026/01/25,静岡,熊本,1637,724,70,81,第17節,0,0
2025-2026,2025,B2,2026/01/30,愛媛,福岡,723,753,77,85,第18節,0,0
2025-2026,2025,B2,2026/01/31,岩手,神戸,709,718,78,80,第18節,0,0
2025-2026,2025,B2,2026/01/31,福島,山形,711,710,75,61,第18節,0,0
2025-2026,2025,B2,2026/01/31,信州,横浜EX,716,714,84,78,第18節,0,0
2025-2026,2025,B2,2026/01/31,福井,鹿児島,2891,725,76,88,第18節,0,0
2025-2026,2025,B2,2026/01/31,愛媛,福岡,723,753,70,79,第18節,0,0
2025-2026,2025,B2,2026/01/31,熊本,青森,724,708,85,78,第18節,0,0
2025-2026,2025,B2,2026/01/31,奈良,静岡,719,1637,79,76,第18節,0,0
2025-2026,2025,B2,2026/02/01,福島,山形,711,710,83,74,第18節,0,0
2025-2026,2025,B2,2026/02/01,岩手,神戸,709,718,64,73,第18節,0,0
2025-2026,2025,B2,2026/02/01,福井,鹿児島,2891,725,95,100,第18節,0,0
2025-2026,2025,B2,2026/02/01,奈良,静岡,719,1637,70,57,第18節,0,0
2025-2026,2025,B2,2026/02/01,熊本,青森,724,708,78,71,第18節,0,0
2025-2026,2025,B2,2026/02/01,信州,横浜EX,716,714,67,60,第18節,0,0
2025-2026,2025,B2,2026/02/07,青森,福井,708,2891,65,83,第19節,0,0
2025-2026,2025,B2,2026/02/07,山形,横浜EX,710,714,86,100,第19節,0,0
2025-2026,2025,B2,2026/02/07,鹿児島,熊本,725,724,76,85,第19節,0,0
2025-2026,2025,B2,2026/02/07,静岡,信州,1637,716,46,59,第19節,0,0
2025-2026,2025,B2,2026/02/07,奈良,愛媛,719,723,78,81,第19節,0,0
2025-2026,2025,B2,2026/02/07,神戸,福島,718,711,80,108,第19節,0,0
2025-2026,2025,B2,2026/02/08,山形,横浜EX,710,714,85,104,第19節,0,0
2025-2026,2025,B2,2026/02/08,神戸,福島,718,711,94,78,第19節,0,0
2025-2026,2025,B2,2026/02/08,奈良,愛媛,719,723,65,98,第19節,0,0
2025-2026,2025,B2,2026/02/08,青森,福井,708,2891,63,72,第19節,0,0
2025-2026,2025,B2,2026/02/08,鹿児島,熊本,725,724,85,102,第19節,0,0
2025-2026,2025,B2,2026/02/08,静岡,信州,1637,716,65,72,第19節,0,0
2025-2026,2025,B2,2026/02/08,福岡,岩手,753,709,50,52,第19節,0,0
2025-2026,2025,B2,2026/02/09,福岡,岩手,753,709,74,70,第19節,0,0
2025-2026,2025,B2,2026/02/14,信州,山形,716,710,108,80,第20節,0,0
2025-2026,2025,B2,2026/02/14,岩手,青森,709,708,63,75,第20節,0,0
2025-2026,2025,B2,2026/02/14,福井,福島,2891,711,76,71,第20節,0,0
2025-2026,2025,B2,2026/02/14,愛媛,横浜EX,723,714,100,94,第20節,0,0
2025-2026,2025,B2,2026/02/14,熊本,福岡,724,753,81,85,第20節,0,0
2025-2026,2025,B2,2026/02/14,奈良,鹿児島,719,725,64,76,第20節,0,0
2025-2026,2025,B2,2026/02/14,神戸,静岡,718,1637,78,66,第20節,0,0
2025-2026,2025,B2,2026/02/15,岩手,青森,709,708,73,76,第20節,0,0
2025-2026,2025,B2,2026/02/15,福井,福島,2891,711,78,83,第20節,0,0
2025-2026,2025,B2,2026/02/15,信州,山形,716,710,87,65,第20節,0,0
2025-2026,2025,B2,2026/02/15,神戸,静岡,718,1637,82,65,第20節,0,0
2025-2026,2025,B2,2026/02/15,奈良,鹿児島,719,725,68,93,第20節,0,0
2025-2026,2025,B2,2026/02/15,熊本,福岡,724,753,93,77,第20節,0,0
2025-2026,2025,B2,2026/02/15,愛媛,横浜EX,723,714,93,90,第20節,0,0
2025-2026,2025,B2,2026/02/20,横浜EX,岩手,714,709,79,76,第21節,0,0
2025-2026,2025,B2,2026/02/21,横浜EX,岩手,714,709,78,82,第21節,0,0
2025-2026,2025,B2,2026/02/21,信州,神戸,716,718,76,65,第21節,0,0
2025-2026,2025,B2,2026/02/21,青森,静岡,708,1637,58,68,第21節,0,0
2025-2026,2025,B2,2026/02/21,山形,福井,710,2891,73,101,第21節,0,0
2025-2026,2025,B2,2026/02/21,福島,奈良,711,719,95,59,第21節,0,0
2025-2026,2025,B2,2026/02/21,愛媛,熊本,723,724,74,91,第21節,0,0
2025-2026,2025,B2,2026/02/21,鹿児島,福岡,725,753,76,92,第21節,0,0
2025-2026,2025,B2,2026/02/22,鹿児島,福岡,725,753,90,81,第21節,0,0
2025-2026,2025,B2,2026/02/22,福島,奈良,711,719,87,54,第21節,0,0
2025-2026,2025,B2,2026/02/22,山形,福井,710,2891,69,89,第21節,0,0
2025-2026,2025,B2,2026/02/22,信州,神戸,716,718,82,88,第21節,0,0
2025-2026,2025,B2,2026/02/22,青森,静岡,708,1637,81,72,第21節,0,0
2025-2026,2025,B2,2026/02/22,愛媛,熊本,723,724,95,84,第21節,0,0
2025-2026,2025,B2,2026/02/27,信州,福岡,716,753,88,93,第22節,0,0
2025-2026,2025,B2,2026/02/28,信州,福岡,716,753,91,85,第22節,0,0
2025-2026,2025,B2,2026/02/28,青森,福島,708,711,59,80,第22節,0,0
2025-2026,2025,B2,2026/02/28,福井,愛媛,2891,723,100,94,第22節,0,0
2025-2026,2025,B2,2026/02/28,熊本,奈良,724,719,90,84,第22節,0,0
2025-2026,2025,B2,2026/02/28,鹿児島,岩手,725,709,75,69,第22節,0,0
2025-2026,2025,B2,2026/02/28,静岡,山形,1637,710,88,71,第22節,0,0
2025-2026,2025,B2,2026/02/28,神戸,横浜EX,718,714,124,85,第22節,0,0
2025-2026,2025,B2,2026/03/01,鹿児島,岩手,725,709,82,81,第22節,0,0
2025-2026,2025,B2,2026/03/01,福井,愛媛,2891,723,83,97,第22節,0,0
2025-2026,2025,B2,2026/03/01,神戸,横浜EX,718,714,120,114,第22節,0,0
2025-2026,2025,B2,2026/03/01,熊本,奈良,724,719,101,63,第22節,0,0
2025-2026,2025,B2,2026/03/01,青森,福島,708,711,54,92,第22節,0,0
2025-2026,2025,B2,2026/03/01,静岡,山形,1637,710,70,68,第22節,0,0
2025-2026,2025,B2,2026/03/06,横浜EX,静岡,714,1637,96,70,第23節,0,0
2025-2026,2025,B2,2026/03/07,山形,熊本,710,724,66,100,第23節,0,0
2025-2026,2025,B2,2026/03/07,横浜EX,静岡,714,1637,84,71,第23節,0,0
2025-2026,2025,B2,2026/03/07,岩手,信州,709,716,70,94,第23節,0,0
2025-2026,2025,B2,2026/03/07,福島,愛媛,711,723,83,80,第23節,0,0
2025-2026,2025,B2,2026/03/07,福岡,福井,753,2891,73,64,第23節,0,0
2025-2026,2025,B2,2026/03/07,鹿児島,神戸,725,718,81,86,第23節,0,0
2025-2026,2025,B2,2026/03/07,奈良,青森,719,708,81,93,第23節,0,0
2025-2026,2025,B2,2026/03/08,鹿児島,神戸,725,718,78,79,第23節,0,0
2025-2026,2025,B2,2026/03/08,福島,愛媛,711,723,91,93,第23節,0,0
2025-2026,2025,B2,2026/03/08,岩手,信州,709,716,54,84,第23節,0,0
2025-2026,2025,B2,2026/03/08,福岡,福井,753,2891,83,96,第23節,0,0
2025-2026,2025,B2,2026/03/08,奈良,青森,719,708,79,78,第23節,0,0
2025-2026,2025,B2,2026/03/08,山形,熊本,710,724,64,86,第23節,0,0
2025-2026,2025,B2,2026/03/12,横浜EX,福岡,714,753,78,71,第24節,0,0
2025-2026,2025,B2,2026/03/13,横浜EX,福岡,714,753,86,95,第24節,0,0
2025-2026,2025,B2,2026/03/14,信州,青森,716,708,91,65,第24節,0,0
2025-2026,2025,B2,2026/03/14,愛媛,鹿児島,723,725,100,72,第24節,0,0
2025-2026,2025,B2,2026/03/14,福井,岩手,2891,709,72,68,第24節,0,0
2025-2026,2025,B2,2026/03/14,熊本,福島,724,711,88,80,第24節,0,0
2025-2026,2025,B2,2026/03/14,静岡,奈良,1637,719,97,92,第24節,0,0
2025-2026,2025,B2,2026/03/14,神戸,山形,718,710,85,70,第24節,0,0
2025-2026,2025,B2,2026/03/15,福井,岩手,2891,709,75,49,第24節,0,0
2025-2026,2025,B2,2026/03/15,信州,青森,716,708,90,70,第24節,0,0
2025-2026,2025,B2,2026/03/15,神戸,山形,718,710,87,72,第24節,0,0
2025-2026,2025,B2,2026/03/15,熊本,福島,724,711,98,77,第24節,0,0
2025-2026,2025,B2,2026/03/15,愛媛,鹿児島,723,725,75,68,第24節,0,0
2025-2026,2025,B2,2026/03/15,静岡,奈良,1637,719,75,90,第24節,0,0
2025-2026,2025,B2,2026/03/18,青森,横浜EX,708,714,67,109,第25節,0,0
2025-2026,2025,B2,2026/03/18,岩手,山形,709,710,82,83,第25節,0,0
2025-2026,2025,B2,2026/03/18,福井,福島,2891,711,76,85,第25節,0,0
2025-2026,2025,B2,2026/03/18,静岡,愛媛,1637,723,96,97,第25節,0,0
2025-2026,2025,B2,2026/03/18,神戸,奈良,718,719,89,74,第25節,0,0
2025-2026,2025,B2,2026/03/18,熊本,福岡,724,753,89,78,第25節,0,0
2025-2026,2025,B2,2026/03/18,信州,鹿児島,716,725,98,71,第25節,0,0
2025-2026,2025,B2,2026/03/20,横浜EX,福井,714,2891,97,98,第26節,0,0
2025-2026,2025,B2,2026/03/21,横浜EX,福井,714,2891,90,95,第26節,0,0
2025-2026,2025,B2,2026/03/21,青森,神戸,708,718,66,106,第26節,0,0
2025-2026,2025,B2,2026/03/21,岩手,熊本,709,724,62,87,第26節,0,0
2025-2026,2025,B2,2026/03/21,山形,奈良,710,719,82,78,第26節,0,0
2025-2026,2025,B2,2026/03/21,福島,信州,711,716,74,79,第26節,0,0
2025-2026,2025,B2,2026/03/21,福岡,愛媛,753,723,81,93,第26節,0,0
2025-2026,2025,B2,2026/03/21,鹿児島,静岡,725,1637,91,94,第26節,0,0
2025-2026,2025,B2,2026/03/22,鹿児島,静岡,725,1637,95,58,第26節,0,0
2025-2026,2025,B2,2026/03/22,福島,信州,711,716,69,61,第26節,0,0
2025-2026,2025,B2,2026/03/22,岩手,熊本,709,724,51,80,第26節,0,0
2025-2026,2025,B2,2026/03/22,青森,神戸,708,718,53,102,第26節,0,0
2025-2026,2025,B2,2026/03/22,福岡,愛媛,753,723,90,95,第26節,0,0
2025-2026,2025,B2,2026/03/22,山形,奈良,710,719,79,60,第26節,0,0
2025-2026,2025,B2,2026/03/28,信州,福井,716,2891,81,78,第27節,0,0
2025-2026,2025,B2,2026/03/28,愛媛,山形,723,710,83,75,第27節,0,0
2025-2026,2025,B2,2026/03/28,岩手,横浜EX,709,714,79,93,第27節,0,0
2025-2026,2025,B2,2026/03/28,熊本,鹿児島,724,725,91,82,第27節,0,0
2025-2026,2025,B2,2026/03/28,静岡,青森,1637,708,95,78,第27節,0,0
2025-2026,2025,B2,2026/03/28,奈良,福島,719,711,84,96,第27節,0,0
2025-2026,2025,B2,2026/03/28,神戸,福岡,718,753,82,72,第27節,0,0
2025-2026,2025,B2,2026/03/29,岩手,横浜EX,709,714,72,92,第27節,0,0
2025-2026,2025,B2,2026/03/29,信州,福井,716,2891,79,90,第27節,0,0
2025-2026,2025,B2,2026/03/29,神戸,福岡,718,753,74,63,第27節,0,0
2025-2026,2025,B2,2026/03/29,奈良,福島,719,711,84,96,第27節,0,0
2025-2026,2025,B2,2026/03/29,熊本,鹿児島,724,725,73,70,第27節,0,0
2025-2026,2025,B2,2026/03/29,静岡,青森,1637,708,88,78,第27節,0,0
2025-2026,2025,B2,2026/03/29,愛媛,山形,723,710,67,65,第27節,0,0
2025-2026,2025,B2,2026/04/01,福岡,熊本,753,724,80,82,第28節,0,0
2025-2026,2025,B2,2026/04/01,山形,岩手,710,709,82,71,第28節,0,0
2025-2026,2025,B2,2026/04/01,福島,福井,711,2891,89,80,第28節,0,0
2025-2026,2025,B2,2026/04/01,横浜EX,青森,714,708,88,54,第28節,0,0
2025-2026,2025,B2,2026/04/01,奈良,神戸,719,718,62,98,第28節,0,0
2025-2026,2025,B2,2026/04/01,愛媛,静岡,723,1637,88,89,第28節,0,0
2025-2026,2025,B2,2026/04/01,鹿児島,信州,725,716,78,85,第28節,0,0
2025-2026,2025,B2,2026/04/04,神戸,愛媛,718,723,94,87,第29節,0,0
2025-2026,2025,B2,2026/04/04,青森,奈良,708,719,76,67,第29節,0,0
2025-2026,2025,B2,2026/04/04,福島,岩手,711,709,71,93,第29節,0,0
2025-2026,2025,B2,2026/04/04,横浜EX,信州,714,716,79,78,第29節,0,0
2025-2026,2025,B2,2026/04/04,福井,山形,2891,710,85,65,第29節,0,0
2025-2026,2025,B2,2026/04/04,鹿児島,福岡,725,753,82,84,第29節,0,0
2025-2026,2025,B2,2026/04/04,静岡,熊本,1637,724,67,79,第29節,0,0
2025-2026,2025,B2,2026/04/05,神戸,愛媛,718,723,81,74,第29節,0,0
2025-2026,2025,B2,2026/04/05,鹿児島,福岡,725,753,82,79,第29節,0,0
2025-2026,2025,B2,2026/04/05,福島,岩手,711,709,84,73,第29節,0,0
2025-2026,2025,B2,2026/04/05,青森,奈良,708,719,69,93,第29節,0,0
2025-2026,2025,B2,2026/04/05,横浜EX,信州,714,716,81,85,第29節,0,0
2025-2026,2025,B2,2026/04/05,福井,山形,2891,710,93,66,第29節,0,0
2025-2026,2025,B2,2026/04/05,静岡,熊本,1637,724,80,89,第29節,0,0
2025-2026,2025,B2,2026/04/11,静岡,福井,1637,2891,NaN,NaN,第30節,0,0
2025-2026,2025,B2,2026/04/11,信州,岩手,716,709,NaN,NaN,第30節,0,0
2025-2026,2025,B2,2026/04/11,青森,山形,708,710,NaN,NaN,第30節,0,0
2025-2026,2025,B2,2026/04/11,愛媛,福島,723,711,NaN,NaN,第30節,0,0
2025-2026,2025,B2,2026/04/11,熊本,横浜EX,724,714,NaN,NaN,第30節,0,0
2025-2026,2025,B2,2026/04/11,奈良,福岡,719,753,NaN,NaN,第30節,0,0
2025-2026,2025,B2,2026/04/11,神戸,鹿児島,718,725,NaN,NaN,第30節,0,0
2025-2026,2025,B2,2026/04/12,静岡,福井,1637,2891,NaN,NaN,第30節,0,0
2025-2026,2025,B2,2026/04/12,信州,岩手,716,709,NaN,NaN,第30節,0,0
2025-2026,2025,B2,2026/04/12,神戸,鹿児島,718,725,NaN,NaN,第30節,0,0
2025-2026,2025,B2,2026/04/12,奈良,福岡,719,753,NaN,NaN,第30節,0,0
2025-2026,2025,B2,2026/04/12,熊本,横浜EX,724,714,NaN,NaN,第30節,0,0
2025-2026,2025,B2,2026/04/12,青森,山形,708,710,NaN,NaN,第30節,0,0
2025-2026,2025,B2,2026/04/12,愛媛,福島,723,711,NaN,NaN,第30節,0,0
2025-2026,2025,B2,2026/04/17,福岡,横浜EX,753,714,NaN,NaN,第31節,0,0
2025-2026,2025,B2,2026/04/18,福岡,横浜EX,753,714,NaN,NaN,第31節,0,0
2025-2026,2025,B2,2026/04/18,鹿児島,奈良,725,719,NaN,NaN,第31節,0,0
2025-2026,2025,B2,2026/04/18,信州,愛媛,716,723,NaN,NaN,第31節,0,0
2025-2026,2025,B2,2026/04/18,岩手,福井,709,2891,NaN,NaN,第31節,0,0
2025-2026,2025,B2,2026/04/18,山形,静岡,710,1637,NaN,NaN,第31節,0,0
2025-2026,2025,B2,2026/04/18,福島,青森,711,708,NaN,NaN,第31節,0,0
2025-2026,2025,B2,2026/04/18,神戸,熊本,718,724,NaN,NaN,第31節,0,0
2025-2026,2025,B2,2026/04/19,鹿児島,奈良,725,719,NaN,NaN,第31節,0,0
2025-2026,2025,B2,2026/04/19,福島,青森,711,708,NaN,NaN,第31節,0,0
2025-2026,2025,B2,2026/04/19,岩手,福井,709,2891,NaN,NaN,第31節,0,0
2025-2026,2025,B2,2026/04/19,神戸,熊本,718,724,NaN,NaN,第31節,0,0
2025-2026,2025,B2,2026/04/19,信州,愛媛,716,723,NaN,NaN,第31節,0,0
2025-2026,2025,B2,2026/04/19,山形,静岡,710,1637,NaN,NaN,第31節,0,0
2025-2026,2025,B2,2026/04/25,岩手,青森,709,708,NaN,NaN,第32節,0,0
2025-2026,2025,B2,2026/04/25,山形,神戸,710,718,NaN,NaN,第32節,0,0
2025-2026,2025,B2,2026/04/25,横浜EX,福島,714,711,NaN,NaN,第32節,0,0
2025-2026,2025,B2,2026/04/25,福井,信州,2891,716,NaN,NaN,第32節,0,0
2025-2026,2025,B2,2026/04/25,愛媛,奈良,723,719,NaN,NaN,第32節,0,0
2025-2026,2025,B2,2026/04/25,熊本,鹿児島,724,725,NaN,NaN,第32節,0,0
2025-2026,2025,B2,2026/04/25,福岡,静岡,753,1637,NaN,NaN,第32節,0,0
2025-2026,2025,B2,2026/04/26,岩手,青森,709,708,NaN,NaN,第32節,0,0
2025-2026,2025,B2,2026/04/26,山形,神戸,710,718,NaN,NaN,第32節,0,0
2025-2026,2025,B2,2026/04/26,横浜EX,福島,714,711,NaN,NaN,第32節,0,0
2025-2026,2025,B2,2026/04/26,福井,信州,2891,716,NaN,NaN,第32節,0,0
2025-2026,2025,B2,2026/04/26,熊本,鹿児島,724,725,NaN,NaN,第32節,0,0
2025-2026,2025,B2,2026/04/26,愛媛,奈良,723,719,NaN,NaN,第32節,0,0
2025-2026,2025,B2,2026/04/26,福岡,静岡,753,1637,NaN,NaN,第32節,0,0
